,公司名,经营范围,所在产业
0,刘向岗在业,"批发,零售",零售业
1,安丘市兴建新型装饰材料制品厂吊销,"加工,销售"
2,安丘市浩红小吃铺存续,"小吃,服务,依法,须,批准,项目,相关,部门,批准,后方,开展,经营,活动"
3,滨州市滨城区建利纸制品批发部存续,"纸制品,需,许可,经营,许可证,经营"
4,滨州市滨城区倩倩化妆品店存续,化妆品
5,滨州市滨城区连合天天早餐在业,"中餐,类,制售,依法,须,批准,项目,相关,部门,批准,后方,开展,经营,活动"
6,博兴县翔翔日用品店在业,"日用品,百货,零售,咨询服务,依法,须,批准,项目,相关,部门,批准,后方,开展,经营,活动"
7,博兴县锦秋办事处兆喜粮油店在业,"粮油,酱菜,预,包装,食品,散装,食品,批发,零售,烟,零售,依法,须,批准,项目,相关,部门,批准,后方,开展,经营,活动,经营,期限,许可证,为准"
8,博兴县城东街道办事处旺客利快餐店在业,"快餐,服务,依法,须,批准,项目,相关,部门,批准,后方,开展,经营,活动,从事,本地,产业政策,禁止,限制,类,项目,经营,活动"
9,博兴县汇景苗木种植专业合作社在业,"组织,成员,开展,苗木,栽培,农作物,种植,活动,成员,提供,生产资料,购买,农产品,销售,服务,依法,须,批准,项目,相关,部门,批准,后方,开展,经营,活动"
10,滨州市滨城区乐乐童装店吊销,"童装,童鞋"
11,滨州市千红置业有限公司在业,"房地产,开发,依法,须,批准,项目,相关,部门,批准,后方,开展,经营,活动"
12,山东国盾易典电子商务有限公司在业,"网上,销售,家用电器,通讯器材,计算机软件,辅助,设备,化工产品,含,化学,危险品,含,监控,化学,危险品,含,易制毒,化学,危险品,机械设备,化妆品,保健品,工艺品,日用品,家用电器,通讯器材,计算机软件,辅助,设备,机械设备,维修,企业,营销策划,组织,文化,艺术交流,活动,承办,展览,展示,活动,会务,服务,含,食宿,房地产,开发,经营,矿产品,销售,依法,须,批准,项目,相关,部门,批准,后方,开展,经营,活动"
13,何兆法吊销,"农副产品,购销,需凭,许可证,经营,许可证,经营"
14,无棣县棣泰粮食贸易有限公司在业,"小麦,玉米,大豆,高粱,稻谷,包装,编织袋,购销,加工,面粉,饲料,购销,依法,须,批准,项目,相关,部门,批准,后方,开展,经营,活动"
15,山东睿喆商贸有限公司在业,"电子产品,办公用品,礼品,宣传品,监控,电子,显示屏,劳保用品,印刷品,计算机,购销,依法,须,批准,项目,相关,部门,批准,后方,开展,经营,活动"
16,滨州市沾化区晨旭铝材批发部存续,"铝合金,玻璃,开片,依法,须,批准,项目,相关,部门,批准,后方,开展,经营,活动"
17,邹平县韩店镇以明烟花爆竹经营店在业,"烟花爆竹,C,D,级,依法,须,批准,项目,相关,部门,批准,后方,开展,经营,活动"
18,邹平县聚能机械厂吊销,"生产,销售,农机,产品,工业,机械,产品,机械,维修,零配件,加工,依法,须,批准,项目,相关,部门,批准,后方,开展,经营,活动"
19,邹平县韩店镇以明烟花爆竹经营店在业,"烟花爆竹,C,D,级,依法,须,批准,项目,相关,部门,批准,后方,开展,经营,活动"
20,博山开发区豪祥建材经营部存续,"建材,水泥,辅材,零售"
21,博山开发区旺利达钢材销售部存续,"钢材,销售"
22,博兴县乔庄镇永兴家电城存续,"冰箱,电视,空调,小家电,批发"
23,曹县磐石办事处致华大酒窖经营部在业,"零售,预,包装,食品,兼,散装,食品,依法,须,批准,项目,相关,部门,批准,后方,开展,经营,活动"
24,曹县楼庄乡麦屯板材加工厂在业,"板材,加工,销售,依法,须,批准,项目,相关,部门,批准,后方,开展,经营,活动"
25,曹县苏集镇师晟翔电商服务部在业,"电子商务,信息,咨询,服务,推广,网络,代购,代销,日用,洗化,用品,食品,五金,家电,电器,通讯器材,便民服务,依法,须,批准,项目,相关,部门,批准,后方,开展,经营,活动"
26,昌乐宝力机械制造厂在业,"铸造件,加工,销售,依法,须,批准,项目,相关,部门,批准,后方,开展,经营,活动"
27,昌乐县顺义配货站存续,"空车,配货,依法,须,批准,项目,相关,部门,批准,后方,开展,经营,活动"
28,昌乐县传刚涂料店在业,"涂料,浮,胶漆,批发,零售,室内装饰,依法,须,批准,项目,相关,部门,批准,后方,开展,经营,活动"
29,昌乐县鑫旺土产杂品店存续,"土产,杂品,销售,依法,须,批准,项目,相关,部门,批准,后方,开展,经营,活动"
30,昌邑市天水市场风儒快餐店存续,"主副食,冷拼,加工,酒水"
31,昌邑市角埠村刘显波家庭农场存续,"种植,小麦,玉米,棉花,花生,大豆,依法,须,批准,项目,相关,部门,批准,后方,开展,经营,活动"
32,昌邑市乡镇企业多种经营服务公司曾用名注销,"针纺织品,原料,染料,纺织,机械配件,化工原料,草,制品,烟酒,糖茶,糕点,罐头,家具,家用电器,汽车,出租,依法,须,批准,项目,相关,部门,批准,后方,开展,经营,活动"
33,潍坊市海水养殖试验场注销,"对虾,育苗,对虾,养殖,需,许可,生产,经营,许可证,生产,经营,依法,须,批准,项目,相关,部门,批准,后方,开展,经营,活动"
34,长岛县磨石嘴小学工会小卖部注销,"文化用品,食品,含烟,依法,须,批准,项目,相关,部门,批准,后方,开展,经营,活动"
35,成武县供销农资网络服务有限公司第一百网络店注销,"化肥,农用,药械,农膜,农药,化学,危险品,零售,依法,须,批准,项目,相关,部门,批准,后方,开展,经营,活动"
36,成武县防城青山羊养殖专业合作社在业,"青山羊,绵羊,牛,养殖,销售,动物,防疫,条件,合格证,经营"
37,成武县杰天杂品店在业,"杂品,零售,依法,须,批准,项目,相关,部门,批准,后方,开展,经营,活动"
38,成武县卤之味熟食店存续,"餐饮,服务,依法,须,批准,项目,相关,部门,批准,后方,开展,经营,活动"
39,茌平县迎德水暖门市部存续,"水暖,安装,服务,配件,零售,依法,须,批准,项目,相关,部门,批准,后方,开展,经营,活动"
40,单县金亿木业有限公司吊销,"人造板,成品,半成品,生产,销售,木材,加工,销售,许可,2011,年,月,18,日,依法,须,批准,项目,相关,部门,批准,后方,开展,经营,活动"
41,单县双福副食门市部存续,"副食,食品,流通,许可证,经营,期限,经营,日用百货,零售"
42,单县红泰调味品门市部在业,"副食品,调味品,依法,须,批准,项目,相关,部门,批准,后方,开展,经营,活动"
43,单县伟佳玻纤有限公司在业,"玻纤,制品,塑料制品,加工,销售,依法,须,批准,项目,相关,部门,批准,后方,开展,经营,活动"
44,单县海龙家庭农场在业,"粮食,种植,依法,须,批准,项目,相关,部门,批准,后方,开展,经营,活动"
45,德州经济开发区永辉小吃部（已歇业）存续,"中餐,有效,卫生,许可证,经营"
46,德州经济开发区天宇铝合金电汽焊加工部吊销,"电汽焊,铝合金,加工"
47,德州经济技术开发区宝平百货销售服务中心存续,"食品,日用百货,办公用品,化妆品,花卉,玩具,图书,工艺品,厨房用品,五金产品,床上用品,服装鞋帽,电脑,配件,批零兼营,网上,经营,美容,服务,依法,须,批准,项目,相关,部门,批准,后方,开展,经营,活动"
48,德州市德城区好邻居康乐百货店存续,"预,包装,食品,散装,食品,乳制品,含,婴幼儿,配方,乳粉,卷烟,雪茄烟,食盐,日用百货,服装鞋帽,工艺品,含,金银,饰品,文化用品,家用电器,五金,零售,依法,须,批准,项目,相关,部门,批准,后方,开展,经营,活动"
49,德州市德城区貂王皮草店存续,"服装,鞋帽,饰品,箱包"
50,德州市德城区洪伟服装店存续,"服装,批发,零售,加工,依法,须,批准,项目,相关,部门,批准,后方,开展,经营,活动"
51,德州市德城区晨悦菜馆存续,"小吃,依法,须,批准,项目,相关,部门,批准,后方,开展,经营,活动"
52,德州沪安汽车服务有限公司曾用名在业,"汽车,销售,方面,信息,咨询,汽车配件,汽车用品,汽车,装具,五金,建材,食品,批发,兼,零售,依法,须,批准,项目,相关,部门,批准,后方,开展,经营,活动"
53,德州市德城区瑞华废品回收门市部存续,"废品,回收,销售,依法,须,批准,项目,相关,部门,批准,后方,开展,经营,活动"
54,德州市德城区正韬建材经销处在业,"水性,涂料,干粉,砂浆,涂刷,辅材,粘接,材料,批零兼营,依法,须,批准,项目,相关,部门,批准,后方,开展,经营,活动"
55,杨双双在业,灯具
56,德州市运河经济开发区亿鑫二手房信息经营部存续,"二手房,信息,咨询"
57,东明县智睿装饰部在业,"销售,灯具,订做,家具,房屋,吊顶,室内设计,依法,须,批准,项目,相关,部门,批准,后方,开展,经营,活动"
58,东明忠亚木业有限公司在业,"板材,木制品,加工,销售,依法,须,批准,项目,相关,部门,批准,后方,开展,经营,活动"
59,东平县嘉华钣金喷漆店存续,"汽车,整形,喷漆,车身,清洁,维护,汽车玻璃,安装"
60,东营市汇杰汽车服务有限公司在业,"汽车装饰,用品,汽车配件,日用百货,五金工具,机电产品,电子产品,电器,销售,依法,须,批准,项目,相关,部门,批准,后方,开展,经营,活动"
61,东营区尚云理容店吊销,理发
62,东营市齐健商贸有限责任公司曾用名在业,"室内外,装饰,工程,网络工程,含,互联网,化工产品,含,危险品,易制毒,化学品,蜡油,渣油,重油,道路,沥青,仪器仪表,阀门,燃料油,闪点,60,℃,考勤机,办公设备,耗材,五金建材,钢材,卫生洁具,照明设备,机电产品,实验,仪器,医疗器械,销售,楼宇,自控,设备,销售,安装,石油,机械设备,销售,技术开发,服务,自动化,工程,设备,技术开发,技术,服务,安防,监控,设备,销售,安装,计算机软件,开发,依法,须,批准,项目,相关,部门,批准,后方,开展,经营,活动"
63,东营区谈蕾服装店在业,"服装,零售,依法,须,批准,项目,相关,部门,批准,后方,开展,经营,活动"
64,东营区佳辰电子经营部存续,"办公设备,电子产品,网络,耗材,办公用品,电器,电料,五金,劳保用品,通讯器材,监控,器材,传媒,器材,计算机,软硬件,家具,家电,汽车配件,日用百货,图书,床上用品,食品,工艺礼品,五金建材,标牌,地板,销售,广告设计,制作,依法,需经,批准,经营,项目,相关,部门,批准,后方,开展,经营,活动"
65,东营区冬梅老粗布店存续,"粗布,床单,粗布,衬衣,依法,须,批准,项目,相关,部门,批准,后方,开展,经营,活动"
66,东营黄河口百利粮油店存续,"专营,米,面粉,挂面,切面,食用油,零售,活动,依法,许可,批准,项目,相关,部门,批准,后,方可,开展,经营,活动"
67,东营区利超汽车维修服务部存续,"汽车,维修服务,依法,须,批准,项目,相关,部门,批准,后方,开展,经营,活动"
68,东营区龙居立新通讯器材经营部吊销,"受托,代收,话费,业务,需经,许可,经营,须,许可证,经营"
69,胜利油田友伟工贸公司鸿志家电制冷维修部注销,"家用电器,制冷,设备,维修,安装,依法,须,批准,项目,相关,部门,批准,后方,开展,经营,活动"
70,中国网通(集团)有限公司利津县分公司北岭营业厅注销,"经营,行政区划,固定,电信,网络,设施,含,本地,无线,环路,业务,固定,电信,网络,话音,数据,图像,多媒体通信,信息,服务,涉及,许可证,管理,许可证,经营"
71,河口区孤岛奥能电器销售部吊销,"销售,电料,厢式,变压器,电器维修,高压,配电,国家,限制,禁止,涉及,法律法规,须,法律法规,审批,许可证,经营"
72,韩燕青在业,理发
73,肥城市华琪酒水商行在业,"批发,兼,零售,预,包装,食品,乳制品,含,婴幼儿,配方,乳粉,\t,依法,须,批准,项目,相关,部门,批准,后方,开展,经营,活动"
74,肥城市九婆串串香火锅店存续,"快餐店,含,凉菜,不含,裱花,蛋糕,含,生食,海产品,服务,依法,须,批准,项目,相关,部门,批准,后方,开展,经营,活动"
75,肥城信源运输有限公司在业,"普通,货运,依法,须,批准,项目,相关,部门,批准,后方,开展,经营,活动"
76,肥城市华康老年用品商店存续,"老年,用品,药品,食品,文体用品,电脑,耗材,服装,家用电器,批发,零售,依法,须,批准,项目,相关,部门,批准,后方,开展,经营,活动"
77,山东怡园房地产发展有限公司曾用名在业,"房地产,开发,经营,依法,须,批准,项目,相关,部门,批准,后方,开展,经营,活动"
78,高密市李金国馒头加工部存续,"加工,销售,馒头,依法,须,批准,项目,相关,部门,批准,后方,开展,经营,活动"
79,高密市美神美容会所存续,"生活,美容,化妆品,专业技能,咨询,保健,按摩,服务,批发,零售,化妆品,内衣,依法,须,批准,项目,相关,部门,批准,后方,开展,经营,活动"
80,高密市邱云娟土豆购销存续,"土豆,购销,依法,须,批准,项目,相关,部门,批准,后方,开展,经营,活动"
81,高密市顺平五金工具店存续,"零售,五金工具,依法,须,批准,项目,相关,部门,批准,后方,开展,经营,活动"
82,高密市家兴锦苑超市存续,"零售,预,包装,食品,散装,食品,乳制品,含,婴幼儿,配方,乳粉,文具,日用百货,依法,须,批准,项目,相关,部门,批准,后方,开展,经营,活动"
83,高密市王涛苹果种植园注销,"苹果,种植,销售,依法,须,批准,项目,相关,部门,批准,后方,开展,经营,活动"
84,高密市永瑞家纺有限公司在业,"纺纱,织布,加工,销售,毛巾,上述,经营范围,含,印花,漂洗,染色,工艺,销售,纺织,原料,含,危险,化学品,易燃易爆,物品,纺织机械,配件,依法,须,批准,项目,相关,部门,批准,后方,开展,经营,活动"
85,高密市建明建筑材料销售有限公司在业,"销售,建筑材料,装饰,材料,水暖器材,电线电缆,机械设备,卫生洁具,电动工具,仪表仪器,含,医疗器械,消防器材,电子产品,办公用品,日用品,五金制品,以上,范围,含,危险,化学品,依法,须,批准,项目,相关,部门,批准,后方,开展,经营,活动"
86,高唐县琉寺镇兴亮维修部在业,"电气焊,维修"
87,韩寨乡建国门市部吊销,"加工,销售,棉油,零售,副食,百货"
88,高唐县琉寺供销社针织厂4注销,"棉,针织,坯布,依法,须,批准,项目,相关,部门,批准,后方,开展,经营,活动"
89,高唐县赵寨子镇在芳文具用品店存续,"文具用品,国家,规定,规定,凡,涉及,许可证,凭证,经营"
90,定陶县鹏迪食品店存续,"预,包装,食品,兼,散装,食品,零售,食品,流通,许可证,有效期,2013,年,10,月,28,日至,2016,年,10,月,27,日"
91,菏泽凡人食品有限公司吊销,"冷饮,冻食,生产,水产品,销售,依法,须,批准,项目,相关,部门,批准,后方,开展,经营,活动"
92,牛俊营在业,"洗化,百货,批发,兼,零售,依法,须,批准,项目,相关,部门,批准,后方,开展,经营,活动"
93,菏泽开发区严学显电动车商行存续,"电动车,零售,电动车,维修,依法,须,批准,项目,相关,部门,批准,后方,开展,经营,活动"
94,菏泽开发区王乔餐厅存续,"小型,餐馆,依法,须,批准,项目,相关,部门,批准,后方,开展,经营,活动"
95,菏泽开发区冠鮽副食商行存续,"预,包装,食品,销售,含,冷藏,冷冻,食品,散装,食品,销售,含,冷藏,冷冻,食品,含,熟食,化妆品,办公用品,电脑,耗材,销售,美容,依法,须,批准,项目,相关,部门,批准,后方,开展,经营,活动"
96,菏泽市牡丹区中科光泉太阳能销售中心存续,"太阳能,热水器,零售"
97,菏泽市牡丹区金和酒店存续,"面食,炒菜,酒水,零售,前置,许可证,有效期,经营"
98,菏泽市牡丹区龙海工艺美术社在业,"工艺美术品,制作"
99,菏泽市牡丹区百盛沙发加工厂在业,"沙发,加工,零售"
100,菏泽利宠宠物用品有限公司在业,"宠物用品,宠物食品,宠物,保健品,兽药,销售,依法,须,批准,项目,相关,部门,批准,后方,开展,经营,活动"
101,菏泽市牡丹区德盛汽车销售有限公司曾用名在业,"汽车,汽车,零配件,润滑油,销售,汽车,保养,汽车,维护,汽车装饰,普通,货运,货物,专用,运输,集装箱,冷藏,保鲜,物流,服务,普通,货物,仓储,停车场,服务,依法,须,批准,项目,相关,部门,批准,后方,开展,经营,活动"
102,聊城市祥润农资有限公司在业,"化肥,化肥,原料,农机具,分装,种子,批发,零售,依法,须,批准,项目,相关,部门,批准,后方,开展,经营,活动"
103,冠县贾镇王磊手机大卖场在业,"手机,手机配件,中国移动,SIM卡,批零兼营,手机,维修服务,代收,话费,移动,代理,代办,通信,服务,依法,须,批准,项目,相关,部门,批准,后方,开展,经营,活动"
104,广饶县广饶镇国华布匹经营户吊销,布匹
105,广饶县大王镇国磊菜馆存续,"餐饮,服务,依法,须,批准,项目,相关,部门,批准,后方,开展,经营,活动"
106,海阳市正理商店存续,"日用百货,卷烟,销售,依法,须,批准,项目,相关,部门,批准,后方,开展,经营,活动"
107,海阳市众托缝纫机经销部存续,"零售,缝纫机,配件,依法,须,批准,项目,相关,部门,批准,后方,开展,经营,活动"
108,山东怡奥卡电子商务有限公司在业,"网上,经营"
109,桓台县唐山镇鸿运来日用品经营部存续,"零售,护理,用品,家居,护理,用品,厨房用具,化妆品,保健食品,售后,咨询服务,依法,须,批准,项目,相关,部门,批准,后方,开展,经营,活动"
110,惠民县孙武街道云明小吃部存续,"小吃,依法,须,批准,项目,相关,部门,批准,后方,开展,经营,活动,服务"
111,惠民县大桑镇龙祥五金销售中心注销,"零售,五金,依法,须,批准,项目,相关,部门,批准,后方,开展,经营,活动"
112,惠民县胡集镇兴牧兽药饲料门市部存续,"兽药,饲料,购销,有效期限,许可证,为准,依法,须,批准,项目,相关,部门,批准,后方,开展,经营,活动"
113,即墨市北安办事处鑫慧源百货商店存续,"批发,零售,预,包装,食品,乳制品,含,婴幼儿,配方,乳粉,食品,流通,许可证,有效期,止,2015,年,月,29,日,日用百货,以上,范围,需经,许可,经营,须,许可证,经营"
114,即墨市裕盈隆商店在业,"批发,零售,保健,器材,含,医疗器械,床上用品,日用百货,办公用品,电子产品,针织,服装,依法,须,批准,项目,相关,部门,批准,后方,开展,经营,活动"
115,即墨市周小钰日用品店注销,"日用品,咨询服务,以上,范围,需经,许可,经营,须,许可证,经营"
116,即墨区柠檬树托管服务部在业,"提供,餐饮,午休,服务,食,药局,核发,食品,经营,许可证,卫,计委,核发,卫生,许可证,消防,部门,核发,消防,意见书,开展,经营,活动,经营,无需,行政,审批,即可,经营,经营项目,依法,须,批准,项目,相关,部门,批准,后方,开展,经营,活动"
117,即墨区德君旺建材商行存续,"销售,食品,依据,食药,部门,核发,许可,经营,建材,日用品,办公用品,工艺品,零售,烟,经营,无需,行政,审批,即可,经营,经营项目,依法,须,批准,项目,相关,部门,批准,后方,开展,经营,活动"
118,即墨市军纲果园存续,"果树,种植,依法,须,批准,项目,相关,部门,批准,后方,开展,经营,活动"
119,即墨市东倡水电安装部在业,"水电,安装,依法,须,批准,项目,相关,部门,批准,后方,开展,经营,活动"
120,青岛君平中联盟健康管理有限公司即墨分公司注销,经营项目
121,高新开发区潘春水果店在业,"水果,销售,依法,须,批准,项目,相关,部门,批准,后方,开展,经营,活动"
122,济南源卓贸易合伙企业(有限合伙)注销,"日用品,销售,依法,须,批准,项目,相关,部门,批准,后方,开展,经营,活动"
123,山东顺利法律咨询服务有限公司在业,"法律咨询,企业,管理,咨询,市场,调查,人力,资源管理,服务,含,劳务,派遣,房地产,经纪,服务,互联网,信息,服务,经济,信息,咨询,计算机网络,信息,咨询,计算机软件,研发,企业,管理,服务,市场,营销策划,组织,文化,艺术交流,活动,会议,服务,展览,展示,服务,商务信息,咨询,依法,须,批准,项目,相关,部门,批准,后方,开展,经营,活动"
124,济南市长清区老靖水果店注销,"批发,零售"
125,济南市长清区靳歌御圣轩美容养生馆存续,"美容,美体,服务,化妆品,零售,依法,须,批准,项目,相关,部门,批准,后方,开展,经营,活动"
126,山东恩晓劳务有限公司在业,"施工,劳务,分包,建筑工程,市政,公用,工程施工,总,承包,建筑,幕墙,工程,地基基础,工程,防水,防腐,保温,工程,古建筑,工程,城市,道路,照明,工程,公路,路面,工程,公路,路基,工程,公路交通,工程,水利水电,机电设备,安装,工程,河湖,整治,工程,环保,工程,建筑装修,装饰,工程,园林绿化,工程,电子,智能化,工程,模版,脚手架,专业,承包,木工,作业,砌筑,作业,钢筋,作业,模板,作业,焊接,作业,水暖,电,作业,石,制作业,抹灰,作业,油漆,作业,混凝土,作业,钣,金,作业,架线,作业,机械设备,汽车,租赁,建材,水泥,水泥制品,电线电缆,钢材,管材,管件,筑路,材料,混凝土,混凝土,预制件,销售,依法,须,批准,项目,相关,部门,批准,后方,开展,经营,活动"
127,济南市历城区奎刚百货商店吊销,"日用百货,零售,未,取得,专项,许可,项目"
128,济南泉通货运出租配送有限公司注销,"许可,经营项目"
129,山东省聊城生建码钢厂驻济经营部吊销,"批发,零售"
131,济南槐荫仁心诊所注销,"内科,儿科,中医科,以上,项目,审批,机关,审批,期限内,经营,依法,须,批准,项目,相关,部门,批准,后方,开展,经营,活动"
132,济南槐荫韩军牛肉面馆存续,"餐饮,服务,依法,须,批准,项目,相关,部门,批准,后方,开展,经营,活动"
133,济南槐荫正易通讯器材经营部存续,"非,专控,通讯器材,配件,销售,维修,接受,移动,公司,联通公司,电信公司,委托,从事,协议,规定,范围,通讯,业务,依法,须,批准,项目,相关,部门,批准,后方,开展,经营,活动"
134,济南市历城区康达仓储设备经营中心吊销,"仓储,设备,日用百货,批发,零售,未,取得,专项,许可,项目"
135,历城区浩然通讯器材经营部吊销,"批发,零售"
136,历城区启润食品商行注销,"预,包装,食品,零售,有效期限,许可证,为准,日用品,批,零售,依法,须,批准,项目,相关,部门,批准,后方,开展,经营,活动"
137,历城区祥春源化工经营部存续,"化工产品,零售,含,危险,化学品,易制毒,品,须,审批,未获,批准,前,经营"
138,济南市历城区雷蒙音响器材店注销,"音响器材,零售,未,取得,专项,许可,项目"
139,历城区龙航木材经营部存续,"木材,钢材,木胶,板,批发,零售,依法,须,批准,项目,相关,部门,批准,后方,开展,经营,活动"
140,历城区大强烧烤店在业,"餐饮,服务,依法,须,批准,项目,相关,部门,批准,后方,开展,经营,活动"
141,历城区朋哥餐馆注销,"餐饮,服务,依法,须,批准,项目,相关,部门,批准,后方,开展,经营,活动"
142,济南历下慧心坊服装店存续,"服装,批发,零售,依法,须,批准,项目,相关,部门,批准,后方,开展,经营,活动"
143,济南历下捞益捞牛仔骨店存续,"餐饮,服务,依法,须,批准,项目,相关,部门,批准,后方,开展,经营,活动"
144,济南嘉邦汽车销售有限公司在业,"汽车,汽车配件,桶装,润滑油,销售,汽车,租赁,依法,须,批准,项目,相关,部门,批准,后方,开展,经营,活动"
145,历下区诺明塑钢门窗店存续,"门窗,零售,依法,须,批准,项目,相关,部门,批准,后方,开展,经营,活动"
146,山东云锋能源科技有限公司在业,"能源,技术开发,技术咨询,批发,零售"
147,济南历下高鹏燕日用品店存续,"日用百货,家具,针纺织品,化妆品,零售,生活,美容,许可证,经营,依法,须,批准,项目,相关,部门,批准,后方,开展,经营,活动"
148,山东大上将文化发展有限公司在业,"文化,艺术交流,策划,企业形象,策划,会议,展览,展示,服务,装潢,设计,展台,设计,工艺品,设计,标示,标牌,设计,策划,创意,服务,设计,制作,代理,发布,国内,广告,计算机,技术开发,技术咨询,计算机软件,开发,网络,技术,咨询服务,演出,经纪,代理服务,工艺品,销售,依法,须,批准,项目,相关,部门,批准,后方,开展,经营,活动"
149,济南市中华苑运输服务中心在业,"普通,货运,物流,服务,货运,代办,有效期限,许可证,核准,期限,为准,依法,须,批准,项目,相关,部门,批准,后方,开展,经营,活动"
150,济南慧拓科技发展有限公司曾用名在业,"计算机,基础,软硬件,技术开发,技术咨询,社会,经济,咨询,含,中介,金融,期货,证券,批发,零售"
151,济南市中党家庄镇枣林石灰厂吊销,"石灰,加工,销售"
152,济南育美童艺文化传媒有限公司在业,"教育,咨询,含,培训,办学,企业,管理,咨询,企业形象,策划,计算机技术,咨询,计算机,软硬件,技术开发,销售,会议,展览,服务,礼仪庆典,服务,组织,文化,艺术交流,活动,经济,贸易,咨询,人才中介,服务,企业,营销策划,房地产,中介,服务,市场,营销策划,地理信息系统,软件,技术咨询,技术推广,市场,调查,机械设备,五金交电,家用电器,建筑材料,办公用品,日用品,工艺品,化工产品,含,危险,化学品,易制毒,化学品,计算机,辅助,设备,批发,零售,依法,须,批准,项目,相关,部门,批准,后方,开展,经营,活动"
153,济南弘智教育咨询有限公司在业,"教育,咨询,含,学历,学前教育,自学,考试,出国,留学,中介,职业资格,培训,职业技能,培训,家教,非学历,职业技能,培训,企业,管理,咨询,教育,设备,技术开发,国内,广告业务,企业,营销策划,企业形象,策划,计算机,图文,设计,文化,艺术交流,活动,组织,策划,日用品,办公用品,销售,依法,须,批准,项目,相关,部门,批准,后方,开展,经营,活动"
154,姜剑存续,"普通,货运,许可证,经营,依法,须,批准,项目,相关,部门,批准,后方,开展,经营,活动"
155,济南市天桥区别具一味快餐店注销,"餐饮,服务,许可证,经营,依法,须,批准,项目,相关,部门,批准,后方,开展,经营,活动"
156,山东铭一消防技术有限公司曾用名在业,"安防,设备,楼宇,自动化,控制,设备,工业,自动化,控制,设备,消防器材,技术开发,技术,服务,技术咨询,技术转让,消防设备,监控,设备,电线电缆,仪器仪表,电子产品,水泵,阀门,管件,建筑材料,装饰,材料,金属材料,五金交电,卫生洁具,计算机,软硬件,非,专控,通讯设备,家用电器,机械设备,配件,日用品,办公用品,批发,零售,依法,须,批准,项目,相关,部门,批准,后方,开展,经营,活动"
157,济南市天桥区美诺橱柜加工部吊销,"橱柜,加工,以上,经营范围,凡,涉及,国家,专项,专营,规定,规定"
158,济南市天桥区南村田园酒店吊销,"炒菜,面食,烟酒,快餐"
159,章丘市明水永恒服装店存续,"批发,兼,零售,服装,依法,须,批准,项目,相关,部门,批准,后方,开展,经营,活动"
160,济宁市任城区瑞中铁锅靠大鹅饭店存续,"主副食,加工,销售,酒水,销售,食品卫生,许可证,经营,有效期,2009,年,月,14,日"
161,济宁满旺农业种植专业合作社在业,"农作物,种植,苗木,水果,蔬菜,种植,销售,农产品,销售,依法,须,批准,项目,相关,部门,批准,后方,开展,经营,活动"
162,济宁双闸商贸有限公司在业,"农产品,日用品,箱包,劳保用品,服装鞋帽,床上用品,办公用品,化妆品,卫生用品,洗化,用品,工艺品,纺织品,五金交电,家用电器,文体用品,厨房用具,建材,装饰,材料,钢材,批发,零售,依法,须,批准,项目,相关,部门,批准,后方,开展,经营,活动"
163,济宁市杨柳教育信息咨询有限公司在业,"教育,信息,咨询,含,学生,课业,辅导,文化,艺术交流,活动,策划,企业,形象设计,会议,会展,服务,餐饮,服务,办公用品,文具,销售,依法,须,批准,项目,相关,部门,批准,后方,开展,经营,活动"
164,济宁高新区潘登通讯器材销售店注销,"通讯器材,销售,依法,须,批准,项目,相关,部门,批准,后方,开展,经营,活动"
165,济宁开发区洪胜蔬菜种子经销部吊销,"袋装,蔬菜,种子,日用,杂品"
166,山东济宁心声实业(集团)总公司曾用名注销,"销售,白酒,酒精,食品,饮料,食用,香料,食品,添加剂,依法,须,批准,项目,相关,部门,批准,后方,开展,经营,活动"
167,济宁市市中区鑫鑫门市部注销,"厨具,小百货,零售"
168,鲁济宁拖1877注销,"普通,货运,载重,87,吨,法定,许可证,经营"
169,鲁H-1N885货车注销,"普通,货运,载重,0.59,吨,法定,许可证,经营"
170,鲁济宁驳9897注销,"普通,货运,载重,328,吨,法定,许可证,经营"
171,鲁H-J3200注销,"普通,货运,法定,许可证,经营"
172,济宁市任城区鲁HT0657注销,"出租,客运,依法,须,批准,项目,相关,部门,批准,后方,开展,经营,活动"
173,济宁市任城区德雅轩日用百货店存续,"日用百货,批发,零售,食品,销售,依法,须,批准,项目,相关,部门,批准,后方,开展,经营,活动"
174,济宁市鸿源管道材料有限公司在业,"防腐,保温材料,水暖,管件,五金交电,销售,水暖,管道,安装,依法,须,批准,项目,相关,部门,批准,后方,开展,经营,活动"
175,济宁市兖州区雪影超市在业,"批发,兼,零售,散装,食品,兼预,包装,食品,乳制品,含,婴幼儿,配方,乳粉,零售,卷烟,雪茄烟,依法,须,批准,项目,相关,部门,批准,后方,开展,经营,活动"
176,济宁市兖州区茵茵理发店存续,"理发,服务,保健,服务,依法,须,批准,项目,相关,部门,批准,后方,开展,经营,活动"
177,济宁市兖州区舒松保健服务中心存续,"保健,服务,依法,须,批准,项目,相关,部门,批准,后方,开展,经营,活动"
178,兖州市发师傅黑发育发连锁店存续,"美容美发,服务,卫生,许可证,有效期,2011,年,月,27,日,需,专项,许可,经营,项目,批准,文件,经营"
179,济宁延武机械设备有限公司在业,"机械设备,租赁,销售,建筑材料,五金配件,工矿,配件,劳保用品,钢材,销售,依法,须,批准,项目,相关,部门,批准,后方,开展,经营,活动"
180,兖州市宏鑫机械加工厂在业,"机械,机械配件,汽车配件"
181,济阳县运惠化妆品信息咨询服务部注销,"化妆品,相关,信息,咨询服务,须,审批,未获,批准,前,经营"
182,济阳县三教纯永五金经营部存续,"五金,杂品,蜂窝,零售,未,取得,专项,许可,项目"
183,济阳县孙耿镇秀波木材加工点存续,"木材,加工,须,审批,未获,批准,前,经营"
184,济阳县涌金信息咨询服务中心在业非正常户,"农业,技术开发,信息,咨询服务,依法,须,批准,项目,相关,部门,批准,后方,开展,经营,活动"
185,鲁HN5658在业,"公路运输,服务"
186,嘉祥捷程运输有限公司在业,"道路,货物运输,汽车,维修,配件,销售,货物,仓储,含,危险品,装卸,汽车,租赁,货物,信息,咨询服务,依法,须,批准,项目,相关,部门,批准,后方,开展,经营,活动"
187,胶州市张家屯镇友谊饭店存续,"零售,面食,炒菜,烟酒"
188,胶州市金门日用品商店存续,"经营项目,类,零售,日用百货,提供,产品,咨询服务,以上,范围,需经,许可,经营,须,许可证,经营"
189,胶州市情岛缘庆典礼仪服务部存续,"经营项目,婚礼,策划,广告,策划,服务,庆典礼仪,服务,舞台,桁架,搭建,服务,婚庆,设备,租赁,服务,以上,范围,需经,许可,经营,须,许可证,经营"
190,胶州市勤功建材经营部存续,"土石方,工程,含,开采,爆破,批发,零售,五金建材,劳保用品,依法,须,批准,项目,相关,部门,批准,后方,开展,经营,活动"
191,胶州市清尔洁日用品服务部在业,"零售,日用品,运动器材,化妆品,空气,净化器,净水器,经营,无需,行政,审批,即可,经营,经营项目,依法,须,批准,项目,相关,部门,批准,后方,开展,经营,活动"
192,青岛永昌新能源汽车有限公司在业,"批发,零售"
193,青岛鲁海洋电缆有限公司在业,经营项目
194,青岛赛尔隆人造草坪有限公司在业,"人造草坪,教学仪器,设备,实验室,成套设备,电子,多媒体,教具,体育器材,制造,销售,塑胶跑道,铺装,经营,企业,产品,技术,出口,业务,企业,需,机械设备,零配件,原辅材料,技术,进口,业务,国家,限定,公司,经营,禁止,进出口,商品,技术,依法,须,批准,项目,相关,部门,批准,后方,开展,经营,活动"
195,金乡县鸡黍镇精通装修门市部存续,"铝合金,塑钢,室内装饰,销售,安装,服务,【,涉及,许可,经营,须,许可证,批准,文件,经营,】"
196,金乡县缗池酒业有限公司吊销,"白酒,酿造,勾兑,分装,依法,须,批准,项目,相关,部门,批准,后方,开展,经营,活动"
197,金乡县鸡黍镇太山庙一飞副食部存续,"零售,预,包装,食品,乳制品,含,婴幼儿,配方,乳粉,依法,须,批准,项目,相关,部门,批准,后方,开展,经营,活动"
198,莒南县晨宇饭店存续,"餐饮,服务,依法,须,批准,项目,相关,部门,批准,后方,开展,经营,活动"
199,日照市华益农产品有限公司在业,"农产品,生产,加工,储藏,销售,果蔬,冷藏,保鲜,水产品,预,包装,食品,散装,食品,批发,零售,农业,观光,游,项目,开发,农业,技术推广,服务,园林绿化,工程设计,施工,依法,须,批准,项目,相关,部门,批准,后方,开展,经营,活动"
200,莒县龙山桂秀农资店存续,"化肥,农膜,农药,零售,依法,须,批准,项目,相关,部门,批准,后方,开展,经营,活动"
201,莒县宏顺鞋店注销,鞋
202,莒县紫玉金沙茶具店存续,"紫砂壶,紫砂,杯,礼品,套壶,陶瓷,玻璃,茶具,功夫,茶具,竹木,茶盘,零售,礼品,订做,依法,须,批准,项目,相关,部门,批准,后方,开展,经营,活动"
203,莒县好健客健身馆存续,"健身运动,运动,护具,食品,饮品,日用百货,零售,依法,须,批准,项目,相关,部门,批准,后方,开展,经营,活动"
204,巨野县大义镇来银综合商店存续,"烟,日用百货,零售,预,包装,食品,零售,散,包装,食品,乳制品,含,婴幼儿,配方,乳粉,食品,流通,许可证,经营,2014,年,月,23,日,烟草专卖,许可证,2013,年,12,月,31,日"
205,巨野县大谢集秦庄秦传安种植农场注销,"种植,销售,大蒜,依法,须,批准,项目,相关,部门,批准,后方,开展,经营,活动"
206,鄄城县常方种植专业合作社在业,"统一,成员,采购,种植,需,生产资料,统一,销售,成员,种植,农作物,需,专项,审批,许可,成员,引进,种植,新,技术,新品种,开展,种植,技术培训,技术,交流,信息,咨询服务"
207,鄄城县先法农机销售部存续,"农机配件,销售,农机具,农业机械,五金交电,零售,依法,须,批准,项目,相关,部门,批准,后方,开展,经营,活动"
208,鄄城县腾云洗化门市部存续,"生活用品,卫生用品"
209,鄄城县曦琦小饭桌家政服务中心存续,"餐饮,服务,家政,服务,依法,须,批准,项目,相关,部门,批准,后方,开展,经营,活动"
210,东营垦利区慕琪商贸有限公司在业,"办公用品,设备,文体用品,日用百货,土特产,五金建材,销售,依法,须,批准,项目,相关,部门,批准,后方,开展,经营,活动"
211,洪树俊在业,"日用百货,烟酒,零售,依法,须,批准,项目,相关,部门,批准,后方,开展,经营,活动"
212,赵亮在业,"日用百货,针织,鞋帽,化妆品,家电,五金,批发,零售,依法,须,批准,项目,相关,部门,批准,后方,开展,经营,活动"
213,莱芜市赛阳工贸有限公司吊销,"钢材,电器,仪表,日用百货,建筑,装饰,材料,模板,五金交电,批发,零售,灯具,生产,销售,板金,加工,依法,须,批准,项目,相关,部门,批准,后方,开展,经营,活动"
214,莱芜市希湘商店存续,"烟卷,雪茄烟,零售,烟草专卖,零售,许可证,有效期,2013,年,12,月,31,日,灯具,五金交电,工艺礼品,金银,制品,建材,零售,散装,食品,预,包装,食品,销售,食品,流通,许可证,有效期,2015,年,月,27,日,依法,须,批准,项目,相关,部门,批准,后方,开展,经营,活动"
215,莱芜市华裕畜禽养殖专业合作社在业,"本社,从事,牛,羊,养殖,成员,提供,牛,羊,养殖,需,原料,饲料,相应,配套,设施,组织,销售,成员,产品,引进,新,技术,新品种,开展,技术培训,技术,交流,咨询服务,依法,须,批准,项目,相关,部门,批准,后方,开展,经营,活动"
216,莱芜经济开发区森泉熟食店注销,"热食,类食品,制售,依法,须,批准,项目,相关,部门,批准,后方,开展,经营,活动"
217,莱芜市钢城区马敬牛肉店在业,"牛,羊肉,零售,依法,须,批准,项目,相关,部门,批准,后方,开展,经营,活动"
218,莱芜市泰恒建筑工程有限公司在业,"建筑工程,室内外,装饰,装修,工程,路桥,工程,土石方,工程,钢结构,安装,工程,防水工程,防腐,保温,工程,水电,暖,管道,安装,工程,施工,建筑,劳务,分包,机电设备,销售,安装,维修,钢材,建材,木材,生铁,铁矿石,铁精粉,铁合金,废钢,矿用,机械,电气,机械,五金产品,水暖器材,医疗器械,管件,阀门,电线电缆,仪器仪表,机械,零部件,耐火材料,预,包装,食品,保健品,日用百货,纺织品,文体用品,办公用品,家用电器,土产,杂品,含,烟花爆竹,批发,零售,防水材料,防腐,保温材料,生产,销售,自营,代理,各类,商品,技术,进出口,业务,国家,限定,公司,经营,禁止,进出口,商品,技术,依法,须,批准,项目,相关,部门,批准,后方,开展,经营,活动"
219,莱芜市莱城区照祥琉璃工艺制品厂吊销,"琉璃,工艺制品,产销,需,许可证,经营,须,许可证,经营,依法,须,批准,项目,相关,部门,批准,后方,开展,经营,活动"
220,莱芜市羊里镇东运经销点吊销,"副食,土杂,小百货,针织,零售,依法,须,批准,项目,相关,部门,批准,后方,开展,经营,活动"
221,莱芜市益民法律服务有限公司在业,"法律,咨询服务,依法,须,批准,项目,相关,部门,批准,后方,开展,经营,活动"
222,莱芜市莱城区巡辉绿韵日用品经营部在业,"日用品,护肤品,保健食品,相关,产品,咨询,服务,依法,须,批准,项目,相关,部门,批准,后方,开展,经营,活动"
223,莱芜市福进食品有限公司在业,"生姜,大蒜,蔬菜,水果,粗加工,拣选,整理,冷藏,销售,依法,须,批准,项目,相关,部门,批准,后方,开展,经营,活动"
224,莱芜市俊峰物资有限公司在业,"铁矿石,开采,加工,限,分支机构,经营,有效期限,许可证,为准,木材,建材,煤炭,焦炭,五金交电,机械,产品,电子产品,电讯器材,机电设备,橡,塑制品,铁矿石,铁精粉,钢坯,生铁,批发,零售,自营,代理,各类,商品,技术,进出口,业务,国家,限定,公司,经营,禁止,进出口,商品,技术,依法,须,批准,项目,相关,部门,批准,后方,开展,经营,活动"
225,莱芜兴业典当有限公司在业,"动产,质押,典当,业务,财产权利,质押,典当,业务,房地产,外省,自治区,直辖市,房地产,未,取得,商品房,预售,许可证,在建,工程,抵押,典当,业务,限额,内绝,物品,变卖,鉴定,评估,咨询服务,商务部,依法,批准,典当,业务,有效期限,许可证,为准,依法,须,批准,项目,相关,部门,批准,后方,开展,经营,活动"
226,莱西市姜洪成家庭农场注销,"林业,种植,以上,范围,需经,许可,经营,须,许可证,经营"
227,莱西市淑怡家庭农场注销,"果木,种植,以上,范围,需经,许可,经营,须,许可证,经营"
228,莱西市徐欢化妆品店存续,"化妆品,日用品,销售,美容,服务,须,卫生部门,核发,许可证,经营,依法,须,批准,项目,相关,部门,批准,后方,开展,经营,活动"
229,莱西市王然然百货经营部存续,"日用百货,零售,依法,须,批准,项目,相关,部门,批准,后方,开展,经营,活动"
230,莱西市南墅镇农业技术推广站吊销,"农业,生产资料,地膜,零售,农业,技术推广"
231,莱阳市沐浴店镇信强果品化肥经销部存续,"果品,化肥,销售"
232,莱阳迪亮电子科技有限公司在业,"电脑,电脑,耗材,销售,安装,计算机网络,工程,计算机,软硬件,pos,机,技术开发,技术,咨询服务,网络科技,销售,维护,多媒体,音箱,会议,音响,视频,设备,汽车配件,五金交电,电子产品,蓄电池,润滑油,橡胶制品,塑料制品,办公用品,家用电器,机械设备,配件,文具用品,教学仪器,化妆品,服装鞋帽,工艺美术品,环保,设备,陶瓷制品,金属材料,建筑材料,装饰,材料,日用百货,楼宇,监控,设备,电线电缆,计算机,配件,办公设备,针纺织品,批发,零售,企业,管理,咨询,企业,营销策划,国内,广告业务,经济,贸易,咨询,会展,服务,房屋信息,咨询,房产,中介,服务,依法,须,批准,项目,相关,部门,批准,后方,开展,经营,活动"
233,莱州市金仓街道渔兴水产饲料经营部存续,"零售,水产饲料,依法,须,批准,项目,相关,部门,批准,后方,开展,经营,活动"
234,莱州市城港路街道祥春鞭炮经销处存续,"零售,烟花爆竹,依法,须,批准,项目,相关,部门,批准,后方,开展,经营,活动"
235,莱州市光州东路神龙洗车行存续,"洗车,汽车装饰"
236,莱州市西小区春滨商店存续,"零售,预,包装,食品,兼,散装,食品,乳制品,含,婴幼儿,配方,乳粉,依法,须,批准,项目,相关,部门,批准,后方,开展,经营,活动"
237,莱州市沙河镇文辉机械加工厂在业,"加工,销售"
238,莱州市沙河镇骏旭机械厂在业,"制造,销售"
239,莱州市沙河镇李亚妮农资服务部注销,零售
240,莱州市辰达化工机械有限公司在业,"生产,销售"
241,莱州市永安路街道秦秀娟苹果种植园注销,"种植,销售"
242,苍山县金鑫日用品专卖店存续,"日用品,厨具,用品,洗化,用品"
243,兰陵县后街服装店存续,"服装,鞋帽,针织,饰品,零售,依法,须,批准,项目,相关,部门,批准,后方,开展,经营,活动"
244,兰陵县侯奥雷蔬菜食品有限公司在业,"蔬菜,冷藏,初级,加工,销售,依法,须,批准,项目,相关,部门,批准,后方,开展,经营,活动"
245,张春华吊销,"毛线,床上用品,零售"
246,乐陵市铁营翠红服装店存续,"男装,女装,依法,须,批准,项目,相关,部门,批准,后方,开展,经营,活动"
247,许炳吉存续,"超市,依法,须,批准,项目,相关,部门,批准,后方,开展,经营,活动"
248,乐陵市王宾百货超市存续,"日用百货,文具,玩具,销售,依法,须,批准,项目,相关,部门,批准,后方,开展,经营,活动"
249,东营市利津面粉厂注销,"大米,面条,加工,面粉,生产,设备,资产,租赁,依法,须,批准,项目,相关,部门,批准,后方,开展,经营,活动"
250,梁山县力动健身俱乐部存续,"健身,依法,须,批准,项目,相关,部门,批准,后方,开展,经营,活动"
251,梁山县孙祥水果蔬菜超市存续,"水果,蔬菜,肉食,调料,销售,依法,须,批准,项目,相关,部门,批准,后方,开展,经营,活动"
252,梁山县福运综合超市存续,"结婚,用品,日用百货,零售,预,包装,食品,兼,散装,食品,乳制品,含,婴幼儿,配方,乳粉,有效期限,许可证,为准"
253,梁山县通宇汽车配件销售有限公司吊销,"汽车配件,销售,依法,须,批准,项目,相关,部门,批准,后方,开展,经营,活动"
254,山东黄河铁路局综合服务公司注销,"建筑材料,钢材,木材,百货,议价粮,油,依法,须,批准,项目,相关,部门,批准,后方,开展,经营,活动"
255,梁山县工业供销总公司物资供应站注销,"纸张,文具,化工,建材工业,原料,依法,须,批准,项目,相关,部门,批准,后方,开展,经营,活动"
256,梁山县运河物资购销有限公司注销,"钢材,型材,水泥,木材,汽车配件,轮胎,购销,废旧金属,回收,依法,须,批准,项目,相关,部门,批准,后方,开展,经营,活动"
257,聊城市东昌府区宏运钢材经营部在业,"钢材,有色金属,水泥,批发,零售,送货,服务"
258,聊城市东昌府区方舟科技经营部存续,"电脑,打印机,安防,设备,办公,耗材,零售,维修服务"
259,聊城市东昌府区李娅图书店存续,"图书,零售,依法,需经,批准,项目,相关,部门,批准,后方,开展,经营,活动"
260,聊城市聊广商贸有限公司在业,"广告,材料,办公用品,金属材料,机械设备,五金交电,建筑材料,装饰,材料,塑料制品,批发,零售,依法,须,批准,项目,相关,部门,批准,后方,开展,经营,活动"
261,聊城宏运建安装饰工程有限公司家装分公司注销,"家庭装饰,装修,施工,装饰,材料,销售,依法,须,批准,项目,相关,部门,批准,后方,开展,经营,活动"
262,聊城市乐园物业管理有限公司喜利得快餐厅吊销,"主副食,加工,销售,酒水,销售,依法,须,批准,项目,相关,部门,批准,后方,开展,经营,活动"
263,聊城祥泰电力工程有限公司在业,"送,变电,工程设计,施工,调试,试验,电力设备,试验,电力工程,设计,上述,经营项目,有效,资质证书,经营,电气设备,电线电缆,五金,机电设备,销售,上述,经营项目,依法,须,批准,项目,相关,部门,批准,后方,开展,经营,活动"
264,临清市古楼街立童汽车租赁部在业,"汽车,租赁,服务,含,城市,出租车,业务,驾驶,服务,凡,涉及,许可,审批,项目,有效,许可证,批准,文件,经营,依法,须,批准,项目,相关,部门,批准,后方,开展,经营,活动"
265,临清市城建开发建材物资经营部注销,"建筑材料,水电,暖用,装饰,材料,五金,交电,机电产品,零售,代购,代销,依法,须,批准,项目,相关,部门,批准,后方,开展,经营,活动"
266,临朐利昌商品混凝土有限公司在业,"商品,混凝土,生产,销售,干粉,砂浆,生产,销售,普通,货运,服务,依法,须,批准,项目,相关,部门,批准,后方,开展,经营,活动"
267,临朐香华副食百货门市部存续,"零售,预,包装,食品,兼,散装,食品,乳制品,含,婴幼儿,配方,乳粉,有效期限,许可证,为准,零售,日用百货,小家电,茶具,依法,须,批准,项目,相关,部门,批准,后方,开展,经营,活动"
268,临朐县敏杰农膜经营部存续,"农膜,化肥,小五金,土产,杂品,批发,零售,依法,须,批准,项目,相关,部门,批准,后方,开展,经营,活动"
269,临朐县杨善农民合作社联合社在业,"组织,成员,进行,果蔬,种植,收购,销售,成员,种植,果蔬,采购,供应,成员,需,农业,生产资料,引进,新品种,新,技术,组织,成员,进行,果蔬,种植,技术培训,技术,交流,信息,咨询服务,依法,须,批准,项目,相关,部门,批准,后方,开展,经营,活动"
270,临沭荣邦商贸有限公司在业,"计算机网络,设备,非,专控,通信,设备,安防,设备,数码产品,计算机,外围设备,耗材,电子产品,自动化,控制,设备,电气设备,电线电缆,办公用品,家用电器,机械设备,非,专控,通信,器材,建材,材料,办公,家具,窗帘,家纺,用品,批发,零售,计算机,软硬件,开发,计算机系统,集成,安防,工程,弱电,工程,自动化,控制,设备,开发,依法,须,批准,项目,相关,部门,批准,后方,开展,经营,活动"
271,临沂高新区可信超市存续,"销售,日用百货,副食,依法,须,批准,项目,须,相关,部门,批准,后方,开展,经营,活动"
272,临沂市罗庄区顺达塑料制品厂注销,"加工,销售"
273,刘子利在业,"蔬菜,销售,以上,经营范围,需经,许可,须,许可证,方可,经营"
274,临沂经济技术开发区万通废旧物资回收站在业,"废旧金属,家电,购销,依法,须,批准,项目,相关,部门,批准,后方,开展,经营,活动"
275,临沂商城华宝家纺商行在业,"家纺,用品,依法,须,批准,项目,相关,部门,批准,后方,开展,经营,活动,批零兼营"
276,河东区铁哥们五金工具厂在业,"加工,销售"
277,临沂市河东区太平镇文华精米加工厂吊销,"稻谷,加工,货运"
278,临沂市兰山区祥丰副食批发超市在业,"卷烟,雪茄烟,须,烟草专卖,零售,许可证,核定,有效期限,经营,2017,年,12,月,31,日,预,包装,食品,兼,散装,食品,乳制品,含,婴幼儿,配方,乳粉,须,食品,流通,许可证,核定,有效期限,经营,2016,年,11,月,27,日"
279,临沂东创房地产经纪有限公司在业,"房地产,中介,房地产,营销策划,房地产,投资,信息,咨询,以上,经营项目,需,许可,经营,须,许可证,经营,依法,须,批准,项目,相关,部门,批准,后方,开展,经营,活动"
280,无锡市兴达泡塑新材料有限公司临沂经营部吊销,"聚苯乙烯,泡沫塑料,粒子,制品,依法,须,批准,项目,相关,部门,批准,后方,开展,经营,活动"
281,山东石成金商贸有限公司在业,销售
282,临沂市兰山区希图建筑机械设备租赁服务部在业,"建筑,机械设备,租赁,批零兼营"
283,临沂市罗庄区盛庄农村信用合作社注销,"存贷款,服务,依法,须,批准,项目,相关,部门,批准,后方,开展,经营,活动"
284,罗庄区金峰食品店存续,"零售,预,包装,食品,兼,散装,食品,乳制品,含,婴幼儿,配方,乳粉,有效期限,许可证,为准,依法,须,批准,项目,相关,部门,批准,后方,开展,经营,活动"
285,临沂市张贵龙异型铆钉有限公司在业,"生产,制造"
286,临沂快盈商贸有限公司在业,"二手车,交易,二手车,咨询服务,含,借贷,信息,咨询,依法,须,批准,项目,相关,部门,批准,后方,开展,经营,活动"
287,平邑县如安超市注销,"日用百货,副食,土,杂用品,销售"
288,临邑县孙安乡大孙面粉厂吊销,面粉
289,临淄区雪宫源广缘茶行存续,"食品,批发,兼,零售,以上,经营范围,需,审批,经营,审批,手续,许可证,经营"
290,临淄区齐都镇春泉酒家存续,"餐饮,服务,酒水,销售,依法,须,批准,项目,相关,部门,批准,后方,开展,经营,活动"
291,中国石化销售有限公司山东淄博临淄第六加油站曾用名注销,"润滑油,燃料油,限于,以上,闪点,高于,61,℃,沥青,石油,添加剂,燃油,宝,汽车,装具,化肥,五金,纺织品,家用电器,日用品,化妆品,电子,通讯,产品,文具,体育用品,工艺品,含,文物,花卉,轮胎,建筑材料,缴费卡,销售,汽车,清洗,服务,房屋,租赁,广告业务,商品信息,咨询,飞机,火车票,代理,依法,须,批准,项目,相关,部门,批准,后方,开展,经营,活动"
292,临淄区南王镇方杰商店存续,"食品,日用百货,零售,依法,须,批准,项目,相关,部门,批准,后方,开展,经营,活动"
293,临淄区辛店佳翊小吃店存续,"餐饮,服务,依法,须,批准,项目,相关,部门,批准,后方,开展,经营,活动"
294,龙口市黄城爱慕内衣店存续,"内衣,零售"
295,龙口市海岱张翠环服装店在业,"服装,零售"
296,龙口市芦头镇华达电器维修部存续,"电线电缆,开关,电器配件,零售,电器维修,服务,依法,须,批准,项目,相关,部门,批准,后方,开展,经营,活动"
297,龙口市绿然果蔬种植专业合作社在业,"组织,采购,供应,成员,需,农业,生产资料,组织,种植,收购,贮藏,销售,成员,同类,生产者,生产,果蔬,依法,须,批准,项目,相关,部门,批准,后方,开展,经营,活动"
298,龙口市东莱衣优服装店存续,"服装,批发,零售,依法,须,批准,项目,相关,部门,批准,后方,开展,经营,活动"
299,龙口市梁慧星想商行注销,"果蔬,批发,依法,须,批准,项目,相关,部门,批准,后方,开展,经营,活动"
300,龙口市龙港居涛汽车维修厂在业,"三类,机动车,维修,服务,依法,须,批准,项目,相关,部门,批准,后方,开展,经营,活动"
301,龙口市龙港文霞文具店存续,"文具,零售,依法,须,批准,项目,相关,部门,批准,后方,开展,经营,活动"
302,蒙阴县小张轮胎修理部存续,"三类,机动车,维修,轮胎,动平衡,修补,有效期限,许可证,为准,服务,轮胎,销售"
303,蒙阴县经纶书店在业,"图书,销售,有效期限,许可证,为准,依法,须,批准,项目,相关,部门,批准,后方,开展,经营,活动"
304,宁津县城康富丽日用品经销部存续,"安利,产品,保健食品,医疗器械,许可"
305,山东省宁津县棉麻公司银洲棉业分公司吊销,主营
306,宁津县姐妹大米店存续,"大米,面粉,食用油,零售,依法,须,批准,项目,相关,部门,批准,后方,开展,经营,活动"
307,宁津县城全得利电动车门市部存续,"电动车,配件,维修,零售,依法,须,批准,项目,相关,部门,批准,后方,开展,经营,活动"
308,宁津县领鲜火锅店在业,"火锅,服务,依法,须,批准,项目,相关,部门,批准,后方,开展,经营,活动"
309,宁津县王金纺织配件厂注销,"纺织,配件,加工,销售"
310,宁阳县天池酒经营部在业,"零售,预,包装,食品,散装,食品,许可证,经营,依法,须,批准,项目,相关,部门,批准,后方,开展,经营,活动"
311,宁阳县继华家庭农场存续,"蔬菜,小麦,玉米,种植,依法,须,批准,项目,相关,部门,批准,后方,开展,经营,活动"
312,蓬莱市登州精之益眼镜店注销,眼镜
313,蓬莱市登州静华头盔店存续,"批零兼营,头盔,依法,须,批准,项目,相关,部门,批准,后方,开展,经营,活动"
314,蓬莱市小门家镇马希明种植中心注销,"水果,种植,依法,须,批准,项目,相关,部门,批准,后方,开展,经营,活动"
315,平度市店子机动车配件中心存续,"农业,机械配件,化肥,零售,依法,须,批准,项目,相关,部门,批准,后方,开展,经营,活动"
316,平度市灰埠镇徐桂花化妆品店存续,"化妆品,含,散装,零售,咨询服务,以上,范围,需经,许可,经营,须,许可证,经营"
317,平度市惊艳时光时装店存续,"服装,批发,以上,范围,需经,许可,经营,须,许可证,经营"
318,平度市仁兆镇香满楼餐厅存续,"小型,餐馆,依据,食品药品,部门,核发,餐饮,服务,许可证,开展,经营,活动,依法,须,批准,项目,相关,部门,批准,后方,开展,经营,活动"
319,平度市京良玻璃油漆店注销,"五金,装潢,材料,零售,以上,范围,需经,许可,经营,须,许可证,经营"
320,平度市宏祥顺源食品百货经营部存续,"粮油,调味品,生肉,熟食,烟酒,百货,零售,依据,食品药品,监督管理,部门,核发,食品,经营,许可证,开展,经营,活动,经营,无需,行政,审批,即可,经营,经营项目,依法,须,批准,项目,相关,部门,批准,后方,开展,经营,活动"
321,平度市王豪肉产品经营部存续,"肉,产品,批发,零售,经营,无需,行政,审批,即可,经营,经营项目,依法,须,批准,项目,相关,部门,批准,后方,开展,经营,活动"
322,平度市玉霞酥皮火烧店存续,"零售,散装,食品,现场,制售,依据,食药,部门,核发,食品,流通,许可证,开展,经营,活动,依法,须,批准,项目,相关,部门,批准,后方,开展,经营,活动"
323,李建萍存续,"五金,零售,经营,无需,行政,审批,即可,经营,经营项目,依法,须,批准,项目,相关,部门,批准,后方,开展,经营,活动"
324,平度市噢伊西手工面食坊存续,"面食,制售,预,包装,食品,零售,依据,食药,监管部门,核发,许可证,有效期,开展,经营,活动,经营,无需,行政,审批,即可,经营,经营项目,依法,须,批准,项目,相关,部门,批准,后方,开展,经营,活动"
325,平度市米可儿护肤品商店存续,"批发,零售,日用百货,化妆品,服装,食品,依据,食品药品,监督管理,部门,核发,食品,经营,许可证,开展,经营,活动,经营,无需,行政,审批,即可,经营,经营项目,依法,须,批准,项目,相关,部门,批准,后方,开展,经营,活动"
326,青岛鑫润通胜塑料制品有限公司在业,"塑料制品,金属制品,建筑材料,五金交电,化工原料,含,危险,化学品,汽车配件,电线电缆,仪器仪表,轴承,日用百货,电动工具,阀门,水泵,矿山,机械配件,批发,零售,依法,须,批准,项目,相关,部门,批准,后方,开展,经营,活动"
327,青岛荣铠制动器有限公司在业,"电力,液压,制动器,液压,推动器,通用机械,设备,配件,制造,销售,经营,无需,行政,审批,即可,经营,经营项目,依法,须,批准,项目,相关,部门,批准,后方,开展,经营,活动"
328,平邑县盛文合百货超市注销,"预,包装,食品,兼,散装,食品,依法,须,批准,项目,相关,部门,批准,后方,开展,经营,活动,销售"
329,平邑县小牛批发店在业,"活鸡,鲜蛋,雪糕,批发,依法,须,批准,项目,相关,部门,批准,后方,开展,经营,活动"
330,山东省平邑县北发药材有限公司在业,"地产,中药材,种植,含,甘草,杜仲,麻黄草,厚朴,销售,农副产品,含,粮食,蚕茧,烟草,购销,需,许可,经营,须,许可证,经营,依法,须,批准,项目,相关,部门,批准,后方,开展,经营,活动"
331,朱成浩存续,"家用电器,照明灯,具,电子产品,水暖,管件,家电,配件,零售,依法,须,批准,项目,相关,部门,批准,后方,开展,经营,活动"
332,栖霞市审美理发店注销,服务
333,齐河县焦庙镇回味干果店在业,"干果,日用,小百货,依法,须,批准,项目,相关,部门,批准,后方,开展,经营,活动,零售"
334,齐河县开发区月宝农作物种植专业合作社在业,"农作物,种植,相关,技术,服务"
335,齐河县马集镇化云五金店存续,五金
336,齐河县表白寺镇优优孕婴生活馆在业,"婴幼,服饰,童车,玩具,奶粉,妇婴,用品,咨询服务,依法,须,批准,项目,相关,部门,批准,后方,开展,经营,活动"
337,齐河县赵官镇希莲化妆品店在业,零售
338,潍城区亚泰糕点厂注销,糕点
339,茌平县博平中铺街麻酱烧饼餔注销,"面食,加工,销售"
340,泰安市泰山区晓玲麻辣鸡丁米线馆注销,"米线,加工,销售,涉及,许可证,经营,无,许可证,经营"
341,桓台县陈庄镇芳恋经营部吊销,"零售,烟酒,糖茶,百货"
342,茌平县振兴办事处诚信电气焊门市部注销,"电气焊,补胎"
343,莱阳市城厢百盛服装加工部注销,"加工,服装"
344,德州市德城区翔宇文印部注销,"打字,复印,名片,印刷,经营,许可证,有效期,2012,年,月,30,日"
345,东营区家家悦干鲜果店注销,"干鲜果品,零售"
346,费县费城现代机械厂注销,"旋切机,旋切机,配件,须,许可,经营,许可证,经营"
347,烟台市福山区芝阳春江修表部注销,"维护,钟表,手表"
348,广饶县月河路丁芬理发店注销,理发
349,烟台市芝罘区晨林装饰材料商行注销,"楼梯,五金,木雕,家居饰品,零售"
350,邹平县京鲁化工经营部注销,"纤维素,滑石粉,氯化铵,碱粉,淀粉,元明粉,含,化学,危险品,五金,电器,需经,许可,批准,生产,经营,须,许可证,批准,文件,生产,经营"
351,泰安市泰山区北关照相馆注销,"照相,服务,涉及,许可证,经营,无,许可证,经营"
352,桓台县起凤镇合发木器加工厂吊销,"加工,销售,铝合金,木器,钢塑,门窗"
353,供销社生活门市批发部注销,"烟酒,糖茶"
354,莱芜市钢城区兴业运输队注销,"普通,货运,依法,须,批准,项目,相关,部门,批准,后方,开展,经营,活动"
355,历城区束草化妆品商行吊销,"批发,零售"
356,贾镇东龙饭店注销,"炒菜,面食,服务"
357,胶州市福顺新型建筑材料厂吊销,"加工,制作"
358,莒县陵阳印刷厂注销,"本子,表格,联单,卫生纸,分包,销售,印刷品,许可证,有效期限,2009,年,12,月,31,日止"
359,莒县桑园崇明建材商店注销,"五金建材,土产,杂品,太阳能"
360,聊城市开发区天宇钢管销售中心注销,"钢管,销售,钢管,中介,业务"
361,烟台开发区大季家金山家俱厂注销,"家俱,加工"
362,莱芜市莱城区书学门市部吊销,"烟酒,糖茶,副食,百货,土产,杂品,零售,依法,须,批准,项目,相关,部门,批准,后方,开展,经营,活动"
363,烟台市莱山区贞淑比萨炸鸡店注销,"小吃,服务,酒水,零售"
364,莱州市古城街宏伟通讯器材经销店注销,零售
366,青岛市李沧区韩进信息服务部注销,"服务,经济,信息,中介"
367,临沂市兰山区朱保乡玉林板材厂注销,多层板
368,莒南县岭泉镇石门亭农资农家店注销,"化肥,农,地膜,零售"
369,龙口市阳光运动用品商店注销,"运动器材,服装,办公用品,零售,场地,租赁,承接,会议,培训"
370,宁津县新兴阁工艺品经营部注销,"木制,工艺品"
371,宁阳县磁窑东村五金批发部注销,"五金,电料,民用,建材,零售,需,许可,经营,许可证,件,经营"
372,莱芜市莱城区顺心陶瓷商店注销,"工艺礼品,陶瓷,依法,须,批准,项目,相关,部门,批准,后方,开展,经营,活动"
373,平邑县惠福堂日用品经营部注销,"日用品,化妆品"
374,慧祥大酒店注销,"饭菜,酒"
375,平阴县广信商店吊销,"日用百货,烟酒,零售"
376,平原县兰宝石精品文具店注销,"文具,精品,零售"
377,武城镇玉祥运煤中心注销,"拉,煤球"
378,青岛市李沧区权欣伟业房屋信息经纪服务部注销,"房屋,居间,经纪,服务,以上,范围,需经,许可,经营,须,许可证,经营"
379,青岛市市北区真精彩数码设计制作室注销,"电脑,平面设计,零售"
380,青岛市市北区辣欢天火锅店注销,"经营,涮,火锅,凉拌菜,酒类"
381,青州市黄楼好庆花卉园注销,"花卉苗木,种植,销售"
382,庆云县常家镇大高卫生油销售部注销,"卫生,油,许可证,经营,需,许可证,经营"
383,荣成市崖头英芙家电维修部注销,"修理,电视机"
384,历城区盛红服装店存续,"服装鞋帽,零售,依法,须,批准,项目,相关,部门,批准,后方,开展,经营,活动"
385,日照开发区启明装饰材料商场吊销,"胶合板,五金配件,电工器材,日用,杂品"
386,泰安市泰山区振兴纸行注销,"草,板纸,销售,涉及,许可证,经营,无,许可证,经营"
388,泗水县大黄沟乡光光塑料制品经营部注销,"塑料制品,销售,涉及,许可,经营,须,许可证,批准,文件,经营"
389,济南市天桥区北园新建装饰材料经销处吊销,"装饰,材料,五金,零售"
390,威海高技术产业开发区王家庄润威峰窝煤场注销,"蜂窝煤,加工"
391,威海经济技术开发区长峰三威林生日蛋糕店吊销,"面包,糕点"
392,潍坊市坊子区吉祥机械加工厂注销,"车床,加工,机械制造"
393,无棣县腾达汽车装具门市部注销,"汽车,装具,批零兼营"
394,武城县城区鑫颖美发时尚空间注销,"理发,有效,许可证,经营"
396,阳信县阳信镇鑫源超市注销,"副食品,百货,烟酒,零售"
397,沂源县南麻伍八裤行吊销,"服装,鞋帽,针织,零售"
398,东营区江辉服装摊点注销,"服装,零售"
399,鱼台县得闲聚酒楼注销,"含,凉菜,不含,裱花,蛋糕,含,生食,海产品,持,餐饮,服务,许可证,经营,有效期限,2014,年,04,月,06,日止"
400,张店新旺五金供销部注销,"五金交电,土杂,阀门,管件,劳,保护,品,节能产品"
401,周村瑞丰快餐店吊销,"面食,炒菜,酒水,饮食,服务,有效期,2005,年,12,月,31,日"
402,周村德立信不锈钢经营部注销,"不锈钢材,配件,电工器材,零售"
403,昌乐增发石子球磨厂注销,"球,磨粉,加工,销售,涉及,许可证,经营,无,许可证,经营"
404,诸城市翔云童装商场注销,"童装,童鞋,零售,房屋,租赁,合同,有效期,2007,年,月,30,日,暂住证,有效期,2005,年,12,月"
405,城阳区鑫发源百货店存续,"零售,日用百货,以上,范围,需经,许可,经营,须,许可证,经营"
406,青岛市城阳区锦通通信经营部存续,"零售,手机,配件,代办,移动,通讯,业务,以上,范围,需经,许可,经营,须,许可证,经营"
407,城阳区李日全养殖场注销,"水貂,养殖,依法,须,批准,项目,相关,部门,批准,后方,开展,经营,活动"
408,城阳区爱依爱依童装店存续,"网上,经营,童装,以上,范围,需经,许可,经营,须,许可证,经营"
409,城阳区雷蒂森舞箭卫浴店存续,"批发,零售,卫浴,洁具,五金,电器,依法,须,批准,项目,相关,部门,批准,后方,开展,经营,活动"
410,城阳区王中才小吃店存续,"现场,制售,散装,食品,依法,须,批准,项目,相关,部门,批准,后方,开展,经营,活动"
411,城阳区刘德金小吃店存续,"餐饮,服务,依法,须,批准,项目,相关,部门,批准,后方,开展,经营,活动"
412,青岛老味道果蔬种植专业合作社在业,"成员,间,开展,种植,技术,指导,蔬菜,水果,林木,种植,批发,依法,须,批准,项目,相关,部门,批准,后方,开展,经营,活动"
413,青岛友财生态农业有限公司在业,经营项目
414,青岛韩运丰国际贸易有限公司在业,"许可,经营项目"
415,青岛启迪云资投资管理有限公司在业,"自有,资金,投资,自有,资金,进行,资产,管理,投资,管理,股权,投资,股权,投资,管理,创业投资,创业投资,管理,未经,金融,监管部门,依法,批准,从事,公众,吸收,存款,融资,担保,代客,理财,金融服务,园区,基础设施,开发,建设,管理,服务,房屋建筑,工程施工,技术,服务,技术咨询,房地产,开发,物业管理,服务,自有,房屋,租赁,企业,管理,服务,企业形象,策划,服务,会议,展览,展示,服务,建筑材料,销售,依法,须,批准,项目,相关,部门,批准,后方,开展,经营,活动"
416,青岛良鑫酒店设备工程有限公司在业,"批发,安装,维修"
417,青岛张连大豆专业合作社注销,经营项目
418,青岛波健志商店(普通合伙)注销,经营项目
419,青岛市黄岛区天宇粮油经营部注销,"粮油,零售,木材,销售"
420,青岛市李沧区浩源顺丰酒店吊销,零售
421,侑心婉(上海)商贸有限公司青岛万象城分公司在业,"服装服饰,针纺织品,羽绒制品,箱包,鞋帽,首饰,毛,钻,裸,钻,日用品,工艺礼品,文物,皮革制品,化妆品,办公用品,钟表,眼镜,矫正视力,床上用品,缝纫机,纸制品,厨房用品,零售,批发,进出口,佣金,代理,拍卖,提供,相关,配套,服务,依法,须,批准,项目,相关,部门,批准,后方,开展,经营,活动"
422,青岛蕾赫思工贸有限公司注销,"通讯设备,服装,加工"
423,青岛日盛经济贸易公司曾用名注销,"零售,批发"
424,青岛捷达通票务有限公司注销,经营项目
425,青岛市市北区富贵人婚纱婚庆制作室吊销,"婚纱,出租"
426,青岛市市南艺海装饰商场吊销,"建筑,五金,水暖器材,油漆,涂料,化工原料,含,易燃易爆,有毒,物品,制冷,空调设备,照明,电器,建筑材料,日用,杂品,船舶,配件,五金工具,家用电器,装饰,材料,电工器材,木材,铝材,中厚,钢板,中型,角钢,无缝钢管,代购,代销,石油制品"
427,胶南市家福乐家政服务中心存续,"家政,保洁,服务,含,高空作业,以上,范围,需经,许可,经营,须,许可证,经营"
428,青岛经济技术开发区天泽园养生堂注销,"保健食品,化妆品,日用品,洗涤,用品,含磷,厨房用具,零售,卫生,许可证,有效期,2009,年,月,10,日止,以上,范围,需经,许可,经营,须,许可证,经营"
429,青岛经济技术开发区海东五金电动工具店存续,"五金,电动工具,零售,以上,范围,需经,许可,经营,须,许可证,经营"
430,黄岛区火红旺快餐店存续,"快餐,服务,经营,无需,行政,审批,即可,经营,经营项目,依法,须,批准,项目,相关,部门,批准,后方,开展,经营,活动"
431,黄岛区荣电电器经营店存续,"批发,零售,家用电器,净水机,厨具,日用品,经营,无需,行政,审批,即可,经营,经营项目,依法,须,批准,项目,相关,部门,批准,后方,开展,经营,活动"
432,黄岛区马清敏商店在业,零售
433,黄岛区孙启龙装卸服务部存续,"装卸,服务,含,危险品,含,冷库,经营,无需,行政,审批,即可,经营,经营项目,依法,须,批准,项目,相关,部门,批准,后方,开展,经营,活动"
434,潘桂京存续,零售
435,黄岛区陈祥林建材店在业,零售
436,青岛春良房屋修缮工程有限公司在业,"房屋,修缮,工程施工,建筑,工程施工,市政工程,施工,防腐,保温,工程施工,园林绿化,工程施工,防水工程,施工,室内外,装饰,工程施工,钢结构,工程施工,以上,未,取得,资质,开展,经营,铝合金,塑料门窗,安装,工程,批发,零售,建筑材料,依法,须,批准,项目,相关,部门,批准,后方,开展,经营,活动"
437,青岛茂益农业科技有限公司在业,经营项目
438,青岛维尔国际海洋科技有限公司在业,"会议,展览,中介,服务,文化,艺术交流,活动,策划,含,演出,海洋,平台,钻井工程,船舶,配件,研发,制作,销售,依法,须,批准,项目,相关,部门,批准,后方,开展,经营,活动"
439,青岛中天人和房地产经纪有限公司第十分公司在业,"房产,经纪,服务,依法,须,批准,项目,相关,部门,批准,后方,开展,经营,活动"
440,青岛亚淼信息科技有限公司在业,"网络,信息技术,咨询,软件开发,平面设计,计算机系统,集成,服务,销售"
441,青岛轩正低碳网络科技有限公司在业,"计算机,网络,技术开发,技术咨询,技术,服务,技术推广,从事,互联网,信息,服务,增值,电信业务,经济,信息,咨询,商务信息,咨询,企业,管理,信息,咨询,未经,金融,监管部门,批准,从事,吸收,存款,融资,担保,代客,理财,金融业务,设计,制作,各类,广告,文化,艺术交流,策划,销售"
442,青岛明珍华视眼镜有限公司在业,销售
443,青岛泰业房地产开发有限公司在业,经营项目
444,青岛盛世衣纺织服装有限公司在业,"纺织,服装,缝制,加工,含,许可证,配额,管理,产品,产品,95%,出口,以上,范围,需经,许可,经营,须,许可证,经营"
445,即墨市兆荣服装厂在业,"制售,服装,网上,销售,依法,须,批准,项目,相关,部门,批准,后方,开展,经营,活动"
446,青岛市崂山区时尚宝贝鲜花礼品店吊销,"鲜花,礼品,零售,以上,范围,需经,许可,经营,须,许可证,经营"
447,崂山区爱龙天天鲜蔬菜店存续,"蔬菜,零售,依法,须,批准,项目,相关,部门,批准,后方,开展,经营,活动"
448,崂山区青山林羊肉店存续,"餐饮,服务,依据,食品药品,监管部门,核发,食品,经营,许可证,开展,经营,活动,零售,生肉,依法,须,批准,项目,相关,部门,批准,后方,开展,经营,活动"
449,崂山区飞诚源商贸中心存续,"批发,兼,零售,食品,依据,食品药品,监管部门,核发,食品,流通,许可证,开展,经营,活动,日用百货,劳保用品,办公用品,建筑,装饰,材料,五金,用具,化工产品,含,危险,化学品,机械配件,农副产品,鲜,海产品,电气设备,安装,维修,制作,安装,不锈钢,制品,园林绿化,工程设计,施工,室内外,装饰,装潢,机械,租赁,装卸,服务,垃圾清运,依据,环卫,部门,核发,垃圾清运,许可证,开展,经营,活动,依法,须,批准,项目,相关,部门,批准,后方,开展,经营,活动"
450,崂山区许正江熟食店存续,"熟肉制品,销售,依据,食品药品,监督管理,部门,核发,食品,流通,许可证,开展,经营,活动,依法,须,批准,项目,相关,部门,批准,后方,开展,经营,活动"
451,青岛润涵国际贸易有限公司在业,"货物,进出口,技术,进出口,法律,行政,法规,禁止,项目,法律,行政,法规,限制,项目,取得,许可,后方,经营,销售"
452,青岛市李沧区欣吉货运处吊销,"货物,配载,信息,咨询"
453,青岛市李沧区明霞烟酒百货店H注销,"零售,烟酒,糖茶,袋装,小,食品,饮料,熟肉制品"
454,李沧区李东燕日用品信息咨询服务部注销,"日用品,保健品,护肤品,家居用品,信息,咨询服务,以上,范围,需经,许可,经营,须,许可证,经营"
455,李沧区瑞莱客宾馆注销,"住宿,有效期限,许可证,依法,须,批准,项目,相关,部门,批准,后方,开展,经营,活动"
456,李沧区尚明远日用百货店存续,"零售,日用百货,办公用品,电线电缆,五金,土产,杂品,以上,范围,需经,许可,经营,须,许可证,经营"
457,青岛市李沧区永晖维修部吊销,维修
458,李沧区高永亮办公用品店在业,"批发,零售"
459,李沧区卓越家园装饰装潢中心在业,"室内外,装饰,装潢,室内外,装饰,装潢,设计,批发,零售"
460,李沧区洪亮源久生鲜百货超市在业,"批发,零售"
461,李沧区沂青沂源电气经销处存续,"批发,五金交电,电子产品,机械设备,机电设备,建材,金属制品,灯具,化工产品,含,危险品,文具,体育用品,家用电器,日用百货,办公用品,汽车,配件,计算机,配件,室内外,装饰,装潢,土石方,工程,依法,须,批准,项目,相关,部门,批准,后方,开展,经营,活动"
462,李沧区和众昌金属加工中心存续,"加工,不锈钢,制品,铁艺,制品,门窗,钢结构,铝合金,自动门,批发,零售,不锈钢,制品,铁艺,制品,门窗,铝合金,制品,自动门,五金配件,安装,不锈钢,制品,铁艺,制品,铝合金,制品,门窗,自动门,钢结构,工程,依法,须,批准,项目,相关,部门,批准,后方,开展,经营,活动"
463,李沧区静龙轩日用品咨询部存续,"日用品,化妆品,健康,信息,咨询,依法,须,批准,项目,相关,部门,批准,后方,开展,经营,活动"
464,青岛扬帆胜达石材有限公司在业,经营项目
465,市北区艺桂榕商行注销,"批发,零售"
466,市北区七枫堂云南土产店注销,零售
467,青岛华尔威经贸有限公司美迪美美容护肤中心吊销,"美容,美发,销售"
468,青岛信德眼镜有限公司延安二路分店注销,"依据,食品药品,监管部门,核发,医疗器械,经营,许可证,开展,经营,活动,批发,零售"
469,青岛海航星商贸有限公司吊销,"批发,零售"
470,市北区鹏派电子产品经营部在业,"批发,零售"
471,市北区涅槃群智健康信息咨询部注销,"日用品,保健品,化妆品,健康,咨询服务,依法,须,批准,项目,相关,部门,批准,后方,开展,经营,活动"
472,江志云吊销,"零售,蔬菜,水果"
473,青岛四方亚细亚大酒店吊销,"中餐,小吃,烟酒"
474,青岛福家谊不动产经纪有限公司在业,"房屋中介,经济,信息,咨询,依法,须,批准,项目,相关,部门,批准,后方,开展,经营,活动"
475,青岛康庆和医药科技有限责任公司在业,"医药,技术,研究,技术咨询,含,医疗,诊疗"
476,市南区傅好华日用品咨询服务部存续,"日用品,化妆品,咨询服务,依法,须,批准,项目,相关,部门,批准,后方,开展,经营,活动"
477,青岛青草地经贸有限公司吊销,"批发,零售"
478,市南区郭之滨健康咨询服务部存续,"服务,健康,信息,咨询,批发,兼,零售,家居用品,日用品,以上,范围,需经,许可,经营,须,许可证,经营"
479,市南区少年鑫鑫水果蔬菜店在业,"零售,蔬菜,水果,经营,无需,行政,审批,经营项目,依法,须,批准,项目,相关,部门,批准,后方,开展,经营,活动"
480,市南区欣欣满园副食品店存续,"零售,海产品,生肉,蔬菜,鸡蛋,依法,须,批准,项目,相关,部门,批准,后方,开展,经营,活动"
481,市南区鑫玉海鲜菜馆存续,"餐饮,服务,许可证,经营,经营,无需,行政,审批,经营项目,以上,范围,需经,许可,经营,须,许可证,经营"
482,青州市良国电子商务中心存续,"日用百货,网上,销售,依法,须,批准,项目,相关,部门,批准,后方,开展,经营,活动"
483,青州市恺丽花卉苗木园艺场存续,"花卉苗木,种植,销售,依法,须,批准,项目,相关,部门,批准,后方,开展,经营,活动"
484,青州市新贵园宾馆存续,"住宿服务,依法,须,批准,项目,相关,部门,批准,后方,开展,经营,活动"
485,杨春亮存续,"奇石,艺术品,加工,销售,依法,须,批准,项目,相关,部门,批准,后方,开展,经营,活动"
486,庆云县美田源鱼缸销售中心在业,"鱼缸,批发,零售,依法,须,批准,项目,相关,部门,批准,后方,开展,经营,活动"
487,曲阜枫叶印务有限责任公司在业,"印刷品,印刷,印刷,打字,复印,图文,设计,写真,喷绘,广告业务,办公用品,纸品,电子产品,文体用品,五金工具,印刷,器材,办公设备,批发,兼,零售,印刷,设备,电脑,周边设备,销售,维修,网络,技术,服务,依法,须,批准,项目,相关,部门,批准,后方,开展,经营,活动"
488,日照经济技术开发区申磊房屋中介中心存续,"房屋中介,服务,依法,须,批准,项目,相关,部门,批准,后方,开展,经营,活动"
489,日照市东港区环科净化设备销售中心存续,"油烟,净化,设备,销售,安装,五金,机电产品,含,小轿车,工业电器,厨具,酒店用品,销售,涉及,许可,有效,许可证,经营"
490,日照市东港区东方行日用品商行在业,"日化,品,零售,依法,须,批准,项目,相关,部门,批准,后方,开展,经营,活动"
491,日照市东港区鑫宝摄影中心存续,"摄影,摄影,器材,销售,经营范围,涉及,许可,经营,有效,许可证,经营"
492,日照市东港区阿嘿呦童装店在业,"童装,童鞋,零售,依法,须,批准,项目,相关,部门,批准,后方,开展,经营,活动"
493,日照山胜五交化有限公司在业,"轴承,三角带,标准件,钢材,电线电缆,五金建材,金属材料,机械设备,电器,家具,农产品,日用百货,橡胶制品,陶瓷,洁具,劳保用品,办公用品,电动工具,建筑材料,电子产品,保温,防水材料,机械配件,化工产品,含,危险,化学品,易制毒,化学品,监控,化学品,国家,专项,许可,产品,销售,建筑,劳务,分包,建筑工程,基础,工程,机械工程,室内外,装饰,装修,工程,水电工程,保温,防水工程,水利工程,施工,机械设备,工具,租赁,依法,须,批准,项目,相关,部门,批准,后方,开展,经营,活动"
494,日照市翡翠果蔬有限公司在业,"水果,蔬菜,食品,调味品,粮食,花卉,苗木,农产品,加工,销售,运输,贮藏,食品,批发,零售,依法,须,批准,项目,相关,部门,批准,后方,开展,经营,活动"
495,山东商央信息工程发展有限公司曾用名在业,"计算机,范围,信息技术,服务,信息工程,施工,受托,工程质量,检测,工程,监理,服务,通讯器材,含,无线电,发射,卫星,地面,接收,设施,销售,软件开发,销售,电子,智能化,工程设计,施工,建筑,装饰,装修,设计,施工,安全,技术,防范,工程设计,施工,有效,资质,经营,信息技术,服务,鉴证,咨询服务,系统集成,服务,计算机,办公设备,销售,维修,教学仪器,办公,家具,文体用品,办公,耗材,通信,器材,五金交电,销售,依法,须,批准,项目,相关,部门,批准,后方,开展,经营,活动"
496,日照市纵腾建筑装饰工程有限公司在业,"室内外,装饰,工程施工,大理石,干挂,装饰,大理石,铺装,小区,设施,配套,安装,依法,须,批准,项目,相关,部门,批准,后方,开展,经营,活动"
497,日照市东港区良伟汽配部存续,"汽车,零配件,销售,依法,须,批准,项目,相关,部门,批准,后方,开展,经营,活动"
498,日照市东港区爱吃肉夹馍店存续,"食品,零售,依法,须,批准,项目,相关,部门,批准,后方,开展,经营,活动"
500,日照经济技术开发区顿明建材店在业,"五金,建材,含,危险,化学,物品,沙子,石子,销售,依法,须,批准,项目,相关,部门,批准,后方,开展,经营,活动"
501,日照市岚山区阿民发型烫染中心存续,"理发店,有效期限,卫生,许可证,为准,依法,须,批准,项目,相关,部门,批准,后方,开展,经营,活动"
502,日照市岚山区巨峰镇腾飞农资销售部存续,"化肥,毒品,种子,地膜,销售,园林机械,销售,有效期,危险,化学品,经营,许可证,为准,依法,须,批准,项目,相关,部门,批准,后方,开展,经营,活动"
503,日照市岚山区红伟机械加工厂在业,"车床,加工,依法,须,批准,项目,相关,部门,批准,后方,开展,经营,活动"
504,日照市岚山区盛佳商贸有限公司在业,"食品,销售,依法,须,批准,项目,相关,部门,批准,后方,开展,经营,活动"
505,荣成市电力实业开发公司成山分公司注销,"五金,仪器仪表,电器,装置,设备,建筑材料,木材,金属材料,交电,依法,须,批准,项目,相关,部门,批准,后方,开展,经营,活动"
506,乳山市银洁床品专卖二店在业,"床上用品,零售,依法,须,批准,项目,相关,部门,批准,后方,开展,经营,活动"
507,山东良田实业有限公司吊销,"装饰,装修,水电,暖,安装,制冷,空调,技术,咨询服务,物业管理,服务,烟,零售,酒,糖茶,办公自动化,设备,化工产品,金属材料,建筑,装饰,材料,批发,零售,依法,须,批准,项目,相关,部门,批准,后方,开展,经营,活动"
508,山东新惟康智能系统有限公司迁出,"楼宇,智能,控制系统,安全,防范,系统,办公自动化,系统,视频会议,系统,综合,布线,系统工程,软件开发,硬件,销售,工程施工,计算机,网络,产品,智能,产品,安防,产品,通信,产品,含,无线电,发射,卫星,接收,设备,销售,需经,许可,经营,须,许可证,经营,依法,须,批准,项目,相关,部门,批准,后方,开展,经营,活动"
509,商河县殷巷镇路府春白酒销售中心吊销,"白酒,零售"
510,商河县聚丰楼火锅店存续,"火锅,依法,须,批准,项目,相关,部门,批准,后方,开展,经营,活动"
511,商河县嘉年华文具商店存续,"文具,零售,预,包装,食品,日用百货,零售,依法,须,批准,项目,相关,部门,批准,后方,开展,经营,活动"
512,商河县张坊乡振峰百货门市部吊销,"电子,小百货,零售"
513,莘县八零印象信息技术有限公司在业,"网络,技术,服务,软件开发,网络游戏,运营,代理,国家,禁止,须,许可,经营,网络,技术咨询,技术开发,技术,服务,技术转让,从事,货物,技术,进出,路口,业务,日用百货,母婴,用品,针纺织品,化妆品,电子产品,含,无线电,发射,设备,服装鞋帽,保健品,工艺品,文物,食品,洗涤,用品,文化,办公用品,五金交电,苗木花卉,购销,网上,销售,公司,经营,产品,依法,须,批准,项目,相关,部门,批准,后方,开展,经营,活动"
514,莘县轩轩土杂店存续,"五金,土杂,烟花爆竹,销售,依法,须,批准,项目,相关,部门,批准,后方,开展,经营,活动,经营,期限,许可证,为准"
515,莘县观裕辣椒专业合作社在业,"组织,本社,成员,进行,辣椒,种植,统一,收购,销售,本社,成员,种植,辣椒,统一,本社,成员,采购,种植,辣椒,需,生产资料,农药,提供,技术,信息,服务,需,许可,经营,须,许可证,经营"
516,寿光市王艳蔬菜购销处存续,"代购,代销,蔬菜,依法,须,批准,项目,相关,部门,批准,后方,开展,经营,活动"
517,寿光市农业技术服务站纪台苏秦农资经营店注销,零售
518,寿光市一品轩画社在业,装裱
519,寿光市华夏工贸有限公司吊销,销售
520,寿光市李氏蔬菜有限公司在业,"种植,加工,销售"
521,寿光市郭希春百货经营部存续,"零售,文体用品,小百货,十字绣,钻石,画"
522,泗水县喜农种植专业合作社在业,"西瓜,蔬菜,大蒜,农作物,种植,销售,社员,提供,市场,信息,采购,生产资料,引进,新品种,新,技术,组织,技术,辅导,培训,组织,社员,从事,产品,贮藏,销售,依法,须,批准,项目,相关,部门,批准,后方,开展,经营,活动"
523,泗水县泉林农机加油站注销,"汽油,柴油,零售,有效期限,许可证,为准,农业机械,润滑油,防冻液,销售,依法,须,批准,项目,相关,部门,批准,后方,开展,经营,活动"
524,山东泰山中亿投资控股有限公司吊销,"投资,管理,资产,管理,投资,咨询,纺织品,建筑材料,化工,材料,化学,危险品,易制毒,化学品,金属材料,含,专营,机电设备,木材,制品,销售,凡,涉及,许可,经营,无,许可证,经营,依法,须,批准,项目,相关,部门,批准,后方,开展,经营,活动"
525,泰安市岱岳区盛禾苗木专业合作社在业,"销售,成员,种植,苗木,花卉,组织,采购供应,成员,需,农业,生产资料,开展,苗木,花卉,种植,技术培训,技术,交流,信息,咨询服务,法律法规,规定,需经,许可,生产,经营,须,许可证,生产,经营"
526,泰安市岱岳区马庄镇仟佰惠综合超市存续,"婚庆,用品,日用百货,依法,须,批准,项目,相关,部门,批准,后方,开展,经营,活动"
527,泰安市岱岳区夏张镇陈家副食品商店存续,"预,包装,食品,零售,以上,项目,法定,许可证,件,生产,经营,依法,须,批准,项目,相关,部门,批准,后方,开展,经营,活动"
528,泰安市岱岳区天平利昌太阳能产品销售中心存续,"太阳能,产品,电热水器,销售,依法,须,批准,项目,相关,部门,批准,后方,开展,经营,活动"
529,泰安市益寿康健康信息咨询有限公司注销,"健康,信息,咨询,健康,管理,技术,服务,健身,服务,运动,器械,五金交电,日用品,电子产品,仪器仪表,非,专控,通讯器材,服装,保健品,保健食品,食品,化妆品,医用,橡胶制品,工艺品,含,文物,电话,销售,上述,产品,网上,经营,依法,须,批准,项目,相关,部门,批准,后方,开展,经营,活动"
530,泰安市麦布金属制品有限公司在业非正常户,"金属制品,金属材料,电子产品,五金交电,计算机软件,辅助,设备,办公用品,通讯器材,仪器仪表,机械设备,水泵,配件,电器,控制,设备,批发,零售,依法,须,批准,项目,相关,部门,批准,后方,开展,经营,活动"
531,泰安市达瑞物流有限公司在业,"普通,货运,货物,信息,配载,服务,仓储,服务,含,危险,化学品,易燃易爆,易制毒,物品,装卸,服务,机械化,工程施工,公路工程,路基,工程,桥梁工程,土石方,工程,混凝土,工程施工,建筑,工程施工,园林绿化,工程设计,施工,室内外,装饰,工程设计,施工,建筑,劳务,分包,物业管理,保洁,服务,房屋,修缮,汽车配件,建材,五金,日用百货,销售,依法,须,批准,项目,相关,部门,批准,后方,开展,经营,活动"
532,泰安锦顺运输有限公司在业,"危险,货物运输,类,类,类,类,类,剧毒,化学品,普通,货运,大型,货物,道路,运输,有效期限,许可证,为准,依法,须,批准,项目,相关,部门,批准,后方,开展,经营,活动"
533,泰安市泰山区文化东路日泰皮鞋专卖店存续,"皮鞋,零售,依法,须,批准,项目,相关,部门,批准,后方,开展,经营,活动"
534,泰安市泰山区网盟电脑维修中心存续,"电脑,维修服务,电子产品,销售,涉及,许可证,经营,无,许可证,经营"
535,郯城县龙凤居装饰经营部存续,"家装,杂活,依法,须,批准,项目,相关,部门,批准,后方,开展,经营,活动,服务"
536,日照大辰文化交流传播有限公司郯城分公司在业,"文化,艺术交流,活动,提供,服务,远程教育,软件技术,研发,推广,销售,企业,营销策划,展览,展示,服务,图文,设计,广告设计,制作,代理,发布,商务信息,咨询,文化用品,批发,零售,以上,范围,国家,法律,禁止,国际,专控,项目,涉及,许可,有效,许可证,经营,依法,须,批准,项目,相关,部门,批准,后方,开展,经营,活动"
537,秦红在业,"服装,内衣"
538,滕州市龙泉闫针服装加工部存续,"服装,加工,依法,须,批准,项目,相关,部门,批准,后方,开展,经营,活动"
539,滕州市北辛千兴综合商店存续,"糖酒,茶,副食品"
540,滕州市善园奥克尼老人头服装店存续,"服装,销售,以上,项目,中,法律法规,禁止,经营,涉及,许可,有效,许可证,经营"
541,滕州市庆恒商贸有限公司在业,"批发,零售"
542,滕州米多摄影部在业,"摄影,服务,依法,须,批准,项目,相关,部门,批准,后方,开展,经营,活动"
543,滕州市龙泉滕沛快餐店在业,"餐饮,服务,依法,须,批准,项目,相关,部门,批准,后方,开展,经营,活动"
544,滕州市北辛金平日用百货部在业,"日用百货,土产,杂品,烟花爆竹,属,国家,禁止,限制,淘汰,项目,经营,涉及,许可,项目,有效,许可证,经营"
545,滕州市沙庄花木园艺专业合作社在业,"组织,采购,供应,成员,种植,花木,园艺,需,生产资料,组织,收购,销售,成员,种植,花木,园艺,成员,引进,花木,园艺,新品种,种植,新,技术,成员,开展,花木,园艺,种植,技术培训,技术,交流,咨询服务,依法,须,批准,项目,相关,部门,批准,后,许可证,方可,开展,经营,活动"
546,滕州市姜屯海军门窗加工处在业,"门窗,加工,制作,销售,依法,须,批准,项目,相关,部门,批准,后方,开展,经营,活动"
547,威海金榜广告有限公司曾用名注销,"设计,制作,代理,发布,国内,广告,依法,须,批准,项目,相关,部门,批准,后方,开展,经营,活动"
548,威海市健硕贸易有限公司在业,"建材,劳保用品,家用电器,电子产品,办公用品,机械配件,防水材料,电子元件,电线电缆,消防设备,标准件,管件,阀门,照明,电器,批发,零售,依法,须,批准,项目,相关,部门,批准,后方,开展,经营,活动"
549,环翠区千帆服装店存续,"服装,鞋帽,批发,零售,依法,须,批准,项目,相关,部门,批准,后方,开展,经营,活动"
550,威海市军粮供应站花园北路粮店在业,"批发,兼,零售,预,包装,食品,兼,散装,食品,有效期限,许可证,为准,粮食,批发,零售,依法,须,批准,项目,相关,部门,批准,后方,开展,经营,活动"
551,威海市天鸿保健品有限公司吊销,"保健食品,批发,零售,依法,须,批准,项目,相关,部门,批准,后方,开展,经营,活动"
552,环翠区泽华建材经营部在业,"五金,建材,零售"
553,威海经济技术开发区惠静商店存续,"日用百货,零售,依法,须,批准,项目,相关,部门,批准,后方,开展,经营,活动"
554,威海市吉兆贸易有限公司在业,"预,包装,食品,散装,食品,乳制品,含,婴幼儿,配方,乳粉,电子产品,批发,零售,依法,须,批准,项目,相关,部门,批准,后方,开展,经营,活动"
555,文登区大水泊镇肖木海养猪场注销,"生猪,养殖,依法,须,批准,项目,相关,部门,批准,后方,开展,经营,活动"
556,文登区葛家镇杨林肖养猪场存续,"生猪,养殖,畜禽,养殖,依法,须,批准,项目,相关,部门,批准,后方,开展,经营,活动"
557,文登区左平美容店存续,"生活,美容,服务,化妆品,批发,零售,依法,须,批准,项目,相关,部门,批准,后方,开展,经营,活动"
558,文登区岳楠火锅店存续,"餐饮,服务,依法,须,批准,项目,相关,部门,批准,后方,开展,经营,活动"
559,威海市恒天国际贸易有限公司在业,"农副产品,海产品,酒,水果,日用百货,化妆品,洗涤,用品,服装,鞋帽,家居用品,渔具,户外用品,通讯器材,批发,零售,含,网上,销售,批发,兼,零售,预,包装,食品,乳制品,含,婴幼儿,配方,乳品,备案,范围,货物,进出口,依法,须,批准,项目,相关,部门,批准,后方,开展,经营,活动"
560,文登区梦之姿美容店存续,"生活,美容店,有效期限,许可证,为准,化妆品,批发,零售"
561,文登市天福办海悦旅馆存续,"住宿服务,卫生,许可证,有效期,2015,年,月,15,日止"
562,微山县夏镇周生宝烟花爆竹销售点注销,"烟花,B,C,D,类,爆竹,B,C,类,零售,许可证,经营,2013,年,月,22,日"
563,微山县开发区杨平小吃部存续,"小吃,服务,许可证,经营,经营,期限,许可证,为准,依法,须,批准,项目,相关,部门,批准,后方,开展,经营,活动"
564,微山县两城乡原星通讯配件经营部存续,"眼镜,手机,手机配件,销售,通讯器材,销售,依法,须,批准,项目,相关,部门,批准,后方,开展,经营,活动"
565,滨海开发区海寿德保健食品店在业,销售
566,潍坊鑫存电力设备有限公司在业,销售
567,潍坊广生电动车有限公司曾用名在业,销售
568,潍坊家仕好经贸有限公司在业,销售
569,潍坊金达电建安装工程有限公司在业,"机电设备,安装,钢架,结构,施工,防腐,保温,工程施工,管道工程,施工,建筑施工,依法,须,批准,项目,相关,部门,批准,后方,开展,经营,活动"
570,庄治华存续,"塑料,纺织,袋,加工,销售,依法,须,批准,项目,相关,部门,批准,后方,开展,经营,活动"
571,潍坊市坊子区全胜配货服务中心存续,"普通,货物运输,物流,信息,咨询服务,依法,须,批准,项目,相关,部门,批准,后方,开展,经营,活动"
572,潍坊日河食品有限公司在业,"蔬菜,初加工,销售,依法,须,批准,项目,相关,部门,批准,后方,开展,经营,活动,有效期,许可证,为准"
573,潍坊美制汽车配件制造有限公司分公司注销,"生产,汽车,高强度,螺栓,轴承,外环,汽车,零配件,销售,公司,产品,上述,范围,涉及,许可,经营,许可证,核定,范围,国家有关,规定,执行"
574,山东天合建工科技股份有限公司曾用名在业,"建筑,智能,技术,研发,承揽"
575,潍坊市寒亭区三友冷藏厂吊销,"家禽,加工,冷藏,销售"
576,潍坊励隆商务服务中心在业,"会议,展览,服务,市场,调查,营销策划,医疗,用品,器械,市场,管理,服务,数据处理,存储,服务,数据处理,中,银行卡,中心,云,计算,数据处理,中心,互联网,技术,服务,以上,含,增值,电信,金融业务,互联网,信息,服务,上网,服务,生物医药,技术,研发,转让,推广,国内,广告设计,制作,代理,发布,供应链,管理,依法,须,批准,项目,相关,部门,批准,后方,开展,经营,活动"
577,潍坊市寒亭区金豆农业种植专业合作社在业,"组织,本社,成员,种植,农产品,粮食,瓜果,蔬菜,组织,销售,本社,成员,种植,农产品,粮食,瓜果,蔬菜,组织,采购,供应,本社,成员,需,农业,生产资料,本社,成员,提供,种植,技术培训,技术,交流,依法,须,批准,项目,相关,部门,批准,后方,开展,经营,活动"
578,潍坊市寒亭区吉仁果蔬种植专业合作社在业,"组织,本社,成员,种植,瓜果,蔬菜,农产品,组织,销售,本社,成员,种植,瓜果,蔬菜,农产品,组织,采购,供应,本社,成员,需,农业,生产资料,本社,成员,提供,种植,果蔬,农产品,技术培训,技术,交流,以上,范围,含,法律法规,禁止,限制,经营,项目,依法,需要,许可,相关,资质,经营,相关,许可,资质,经营"
579,奎文区广文籍风伟名烟名酒店存续,"批发,兼,零售,预,包装,食品"
580,奎文区梨园奶牛家鲜奶烘焙店注销,"饮品,店,鲜奶,零售"
581,潍坊新士绅服装有限公司注销,"加工,销售"
582,潍坊金联创新电子商务有限公司在业,"网上,批发,零售"
583,潍坊布语电子商务有限公司在业,"网上,销售"
584,潍城区城关云智电子产品销售中心存续,"销售,维修,电脑,销售,电脑配件,数码产品,电脑,耗材,公共安全,防范,产品,销售,安装,以上,范围,含,国家,法律法规,限制,禁止,经营项目"
585,潍坊赛沃尔生物技术有限公司在业,"研发,微生物,制品,节能,环保,技术,研究,技术转让,销售,节能,环保,产品,货物,进出口,技术,进出口,依法,须,批准,项目,相关,部门,批准,后方,开展,经营,活动"
586,汶上县瑞庭豆制品店在业,"豆制品,制作,销售,副食品,销售,依法,须,批准,项目,相关,部门,批准,后方,开展,经营,活动,有效期限,许可证,为准"
587,李瑞祥在业,"生活,性消,杀,用品,小百货,销售,有效期,2012,年,10,月,31,日止,涉及,许可,经营,须,许可证,批准,文件,经营"
588,路则乐在业,"烟酒,糖茶,日用百货,销售,凡,涉及,许可,经营,须,许可证,批准,文件,经营"
589,五莲县昊宇健康信息咨询中心存续,"仅限,健康,信息,咨询,含,经济,信息,咨询,包括,健康,保健产品,零售,相关,保健,服务,依法,须,批准,项目,相关,部门,批准,后,方可,开展,经营,活动"
590,五莲一中机电维修部注销,"电器维修,电气焊,依法,须,批准,项目,相关,部门,批准,后方,开展,经营,活动"
591,夏津县城秀服装经营店存续,"服装,销售,依法,须,批准,项目,相关,部门,批准,后方,开展,经营,活动"
592,新泰市放城镇东埠加油站注销,"柴油,机油,黄油,零售"
593,泰安市百善生态农业有限公司在业,"农业,信息,咨询,农业,技术,技术开发,咨询,交流,转让,推广,服务,广告设计,瓜果,蔬菜,花卉苗木,农作物,种植,销售,水产,养殖,销售,家禽,养殖,销售,草坪,盆景,培育,销售,农业,休闲,观光旅游,房地产,开发,农用,机械,农具,化肥,食用,农产品,销售,农业机械,服务,园林绿化,工程施工,园林,技术,服务,预,包装,食品,生产,加工,销售,依法,须,批准,项目,相关,部门,批准,后方,开展,经营,活动"
594,新泰市龙廷清泉水厂曾用名在业,"桶装,饮用水,生产,加工,销售,依法,须,批准,项目,相关,部门,批准,后方,开展,经营,活动"
595,新泰市青云街道经纬天地测量仪器销售中心存续,"测量,仪器,批发,零售,维修,依法,须,批准,项目,相关,部门,批准,后方,开展,经营,活动"
596,新泰市汇林矿山配件有限公司在业非正常户,"矿山,配件,加工,销售,矿山机械,冶金,机械,建筑机械,水泥机械,配件,销售,维修,通用,零部件,制造,销售,钢结构,销售,安装,矿用,支护,用品,五金交电,机电设备,日用百货,劳保用品,建材,钢材,计算机,耗材,装饰,材料,金属材料,工艺品,家用电器,洗化,用品,销售,木材,加工,依法,须,批准,项目,相关,部门,批准,后方,开展,经营,活动"
597,新泰市众心百姓医药有限公司第十九分店在业,"处方药,非处方药"
598,新泰市青云街道林记沙县小吃店存续,"小吃店,含,凉菜,不含,裱花,蛋糕,含,生食,海产品,有效期限,许可证,为准"
599,新泰市中维纳斯皮具店存续,"皮具,箱包"
600,新泰市开发区伟元副食超市存续,"日用百货,卷烟,洗化,用品,零售,零售,预,包装,食品,兼,散装,食品,乳制品,含,婴幼儿,配方,乳粉,依法,须,批准,项目,相关,部门,批准,后方,开展,经营,活动"
601,烟台市清伟百货店在业,"日用百货,零售,依法,须,批准,项目,相关,部门,批准,后方,开展,经营,活动"
602,烟台多媒数字城市网络科技有限公司吊销非正常户,"销售,计算机,通信,网络,产品,计算机网络,信息系统,集成,综合,布线,智能化,楼宇,设计,安装,不锈钢,制品,销售,安装,教学,用具,办公用品,家具,体育器材,销售,国家,专项,规定,依法,须,批准,项目,相关,部门,批准,后方,开展,经营,活动"
603,烟台开发区双鲸科技开发有限公司在业,"电子产品,化工产品,科技开发,机械,产品,仪器仪表,批发,零售,依法,须,批准,项目,相关,部门,批准,后方,开展,经营,活动"
604,福山区咱家手擀面店存续,"小型,餐馆,中餐,类,制售,含,凉菜,不含,裱花,蛋糕,含,生食,海产品,许可证,范围,有效期,经营,许可证,有效期,2015,年,月,14,日"
605,福山区清洋帝波尔服装店在业,"服装,批发,零售,依法,须,批准,项目,相关,部门,批准,后方,开展,经营,活动"
606,烟台市淏慧机械零部件加工厂在业,"机械,零部件,加工,销售,电气焊,加工,依法,须,批准,项目,相关,部门,批准,后方,开展,经营,活动"
607,烟台南山铝制品有限公司吊销,"生产,销售,铝合金,散热器,铝制品"
608,烟台市莱山区滨海办事处恒发摩托配件商店存续,"摩托,配件,零售"
609,莱山区俪锦轩服装店存续,"服装,鞋帽,包,零售"
610,烟台市洪正商务信息咨询服务中心在业,"商务信息,咨询,企业,管理,咨询,企业形象,策划,市场,营销策划,会务,服务,公关活动,策划,依法,须,批准,项目,相关,部门,批准,后方,开展,经营,活动"
611,烟台德润润滑油有限公司在业,"润滑油,分装,批发,零售,润滑脂,防冻液,批发,零售,依法,须,批准,项目,相关,部门,批准,后方,开展,经营,活动"
612,烟台大一景观设计有限公司在业,"景观设计,园林绿化,工程施工,花卉,种植,销售,租赁,建筑设计,电脑,图文,设计,制作,土方工程,室内外,装潢,设计,施工,市场,营销策划,企业形象,策划,文化,艺术,策划,金属材料,五金,机电,建筑材料,销售,租赁,依法,须,批准,项目,相关,部门,批准,后方,开展,经营,活动"
613,烟台市牟平外贸纺织服装有限公司吊销,"纺织品,服装,粮油,制品,土,畜产品,橡胶制品,轻工产品,工艺品,水产品,干鲜果品,批发,零售,依法,须,批准,项目,相关,部门,批准,后方,开展,经营,活动"
614,牟平区奈藤美发店在业,"美发,服务,依法,须,批准,项目,相关,部门,批准,后方,开展,经营,活动"
615,芝罘区超蒙汽车配件经销处注销,"汽车配件,销售"
616,芝罘区仁增五金杂品店存续,"日用,杂品,五金"
617,烟台市芝罘区吕玉娜百货店幸福八店注销,"依法,须,批准,项目,相关,部门,批准,后方,开展,经营,活动"
618,芝罘区楚盛家具商行在业,"家具,批发,零售,依法,须,批准,项目,相关,部门,批准,后方,开展,经营,活动"
619,烟台市芝罘区曲泽华水果店十二分店注销,"水果,零售,依法,须,批准,项目,相关,部门,批准,后方,开展,经营,活动"
620,烟台市荣祥生物科技有限公司在业,"生物,技术,研发,推广,科技成果,转让,企业,管理,咨询,市场调研,企业,营销策划,服务,网络设备,开发,销售,知识产权,代理服务,会议,服务,展览,展示,水电,暖,安装,维修,广告设计,制作,代理,发布,企业形象,策划,服装,纺织品,办公用品,工艺品,劳保用品,建筑材料,五金交电,批发,零售,依法,须,批准,项目,相关,部门,批准,后方,开展,经营,活动"
621,烟台润盛办公用品有限公司第二分公司在业,"打印机,耗材,计算机,配件,通讯设备,数码产品,办公用品,家用电器,手机配件,批发,零售,打印机,维修,通讯,技术,电子,技术,开发,依法,须,批准,项目,相关,部门,批准,后方,开展,经营,活动"
622,芝罘区立霞水泥制品经销部存续,"水泥制品,建材,批发,零售,依法,须,批准,项目,相关,部门,批准,后方,开展,经营,活动"
623,烟台市郭新红服装商行注销,"服装,零售,依法,须,批准,项目,相关,部门,批准,后方,开展,经营,活动"
624,烟台市芝罘区新惠珠酒楼吊销,"加工,销售,主付,食,零售,酒水,2006,年,月,16,日止"
625,烟台正和植物油有限公司西南河分店吊销,"常温,保存,食用,粮油,零售,有效期,2006,年,月,13,日,依法,须,批准,项目,相关,部门,批准,后方,开展,经营,活动"
626,阳谷县博济桥办事处博济路楼下便利店存续,"预,包装,食品,散装,食品,乳制品,农副产品,肉制品,日用品,酒水,香烟,零售,依法,须,批准,项目,相关,部门,批准,后方,开展,经营,活动"
627,山东滨州医药集团公司阳信商店批发部吊销,"西药,中成药,中药,村,医疗器械,零售,依法,须,批准,项目,相关,部门,批准,后方,开展,经营,活动"
628,沂水县恒春酒家存续,"餐饮,服务,依法,须,批准,项目,相关,部门,批准,后方,开展,经营,活动"
629,沂水县红太阳超市注销,"批发,兼,零售"
630,沂水县开慧快餐店存续,"快餐,服务,依法,须,批准,项目,相关,部门,批准,后方,开展,经营,活动"
631,沂源县东里镇包希法餐具摊注销,"茶具,餐具,日用陶瓷,销售,依法,须,批准,项目,相关,部门,批准,后方,开展,经营,活动"
632,沂源县鲁村镇志平综合商店存续,"食品,烟,日用百货,土产,杂品,小五金,零售,依批,法须,经准,项目,相关,部门,批准,后方,开展,经营,活动"
633,鱼台县杨柳农资经营部存续,"化肥,农药,含,危险品,零售,依法,须,批准,项目,相关,部门,批准,后方,开展,经营,活动"
634,鱼台县洪冬淡水鱼养殖场注销,"淡水鱼,养殖,销售,许可证,经营,国家,禁止,限制,许可,经营,项目,经营,依法,须,批准,项目,相关,部门,批准,后方,开展,经营,活动"
635,禹城禹王亭特供酒专卖店吊销,"酒水,副食"
636,禹城市佳琪发制品厂在业,"假发,来料加工,依法,须,批准,项目,相关,部门,批准,后方,开展,经营,活动"
637,禹城市雨森物流服务中心存续,"物流,信息,配货,鲁,N,26813"
638,禹城市金泰灯饰吊销,灯具
639,郓城县爱尚蛋糕店存续,"散装,食品,蛋糕,点心,加工,零售,依法,须,批准,项目,相关,部门,批准,后方,开展,经营,活动"
640,郓城县峰达通讯器材有限公司在业,"通讯器材,销售,维修,售后服务,依法,须,批准,项目,相关,部门,批准,后方,开展,经营,活动"
641,郓城县李兰芝家政服务中心在业,"家政,服务,依法,须,批准,项目,相关,部门,批准,后方,开展,经营,活动"
642,郓城县唯伊美妆店存续,"洗化,用品,结婚,用品,零售,依法,须,批准,项目,相关,部门,批准,后方,开展,经营,活动"
643,枣庄昌金企业管理咨询有限公司在业,"企业,管理,咨询服务,医药,信息,咨询服务,教育,信息,咨询,医药,科技领域,技术,研发,医药,信息,分析,调查,医药,市场,调查,营销,策划,推广,会议展览,展示,服务,医药企业,形象,策划,商务信息,咨询,经营,金融,证券,期货,理财,集资,融资,相关,业务,医药,学术活动,交流,策划,推广,设计,制作,代理,发布,广告,依法,须,批准,项目,相关,部门,批准,后方,开展,经营,活动"
644,枣庄市山亭区聚山果蔬种植专业合作社在业,"组织,成员,开展,种植,果树,蔬菜,粮食,组织,收购,销售,成员,种植,产品,成员,引进,种植,新,技术,新品种,成员,开展,种植,技术培训,技术,交流,咨询服务,统一,采购供应,成员,需,农业,生产资料,依法,须,批准,项目,相关,部门,批准,后方,开展,经营,活动"
645,山亭区徐庄镇昱泉家电经营部存续,"家电,销售,维修服务,依法,须,批准,项目,相关,部门,批准,后方,开展,经营,活动"
646,枣庄市山亭区桑村镇尚发日日顺商店存续,"家用电器,数码产品,五金,电料,电器维修,销售,以上,项目,中,法律,法规,禁止,经营,经营,涉及,前置,许可,须,法定,有效,许可证,件,经营"
647,枣庄众邦通信工程有限公司在业,"通信线路,工程施工,维护,计算机网络,工程施工,电缆,光缆,线路,安装,施工,装饰,装修,工程设计,施工,计算机网络,系统维护,水电,暖,安装,土石方,工程施工,水利工程,施工,机电设备,安装,含,特种设备,消防,安防,设备,安装,维修,保养,含,特种设备,通讯器材,电子产品,电子设备,以上,含,卫星,地面,接收,设备,销售,安装,维护,依法,须,批准,项目,相关,部门,批准,后方,开展,经营,活动"
648,枣庄市市中区清莲池洗浴中心存续,"洗浴,有效期限,许可证,为准,零售,洗化,用品,日用百货,棉纺织品,需经,许可,生产,经营,须,许可证,生产,经营"
649,市中区鸭客噜食品店注销,"零售,散装,食品,有效期限,许可证,为准,依法,须,批准,项目,相关,部门,批准,后方,开展,经营,活动"
650,枣庄市市中区文化路飘艺理发店存续,"理发,服务"
651,枣庄圣昊纺织有限公司在业,"化学纤维,纱线,生产,销售,棉纱,含,棉花,纯棉布,涤棉布,辅料,纺织,机械配件,销售,服装,加工,依法,须,批准,项目,相关,部门,批准,后方,开展,经营,活动"
652,枣庄市市中区都市窗帘店存续,"窗帘,沙发,套,床上用品,加工,零售,需经,许可,生产,经营,须,许可证,生产,经营"
653,枣庄市市中区宪春家政服务部存续,"家政,服务,需经,许可,生产,经营,须,许可证,生产,经营"
654,薛城区翠清凉皮店在业,"小吃,服务,依法,须,批准,项目,相关,部门,批准,后方,开展,经营,活动"
655,枣庄市薛城区陶庄金业电器部存续,"家电,维修,小家电,零售,依法,须,批准,项目,相关,部门,批准,后方,开展,经营,活动"
656,枣庄市薛城区沙沟镇农业技术服务部吊销,"种子,零售,有偿,技术,服务,需,配套,农药,含,危险,化学品,化肥,农膜,有偿转让,有效期限,许可证,为准,依法,须,批准,项目,相关,部门,批准,后方,开展,经营,活动"
657,枣庄市峄城区范熊配件店在业,"汽车用品,汽车配件,销售,依法,须,批准,项目,相关,部门,批准,后方,开展,经营,活动"
658,张店邹纯良五金商行存续,"五金,批发,依法,须,批准,项目,相关,部门,批准,后方,开展,经营,活动"
659,张店青山六本目小吃店存续,"餐饮,服务,依法,须,批准,项目,相关,部门,批准,后方,开展,经营,活动"
660,张店富致医疗器械商行存续,"医疗器械,办公用品,办公设备,计算机,软硬件,五金,电线电缆,家用电器,批发,零售,影像,设备,维修,安装,技术,服务,依法,须,批准,项目,相关,部门,批准,后方,开展,经营,活动"
661,张店德容电器经营部存续,"小五金,电器,零售"
662,张店石材市场广继石材经营部存续,"石材,加工,销售,依法,须,批准,项目,相关,部门,批准,后方,开展,经营,活动"
663,武汉天爱房地产信息咨询有限公司淄博分公司吊销,"房地产,策划,营销,代理,房产,中介,服务,以上,经营范围,需,审批,经营,审批,手续,许可证,经营,经营,期限,2015,年,月,日,依法,须,批准,项目,相关,部门,批准,后方,开展,经营,活动"
664,淄博高登经贸有限公司吊销,"销售,空调,制冷,设备,水,处理,设备,日用百货,针纺织品,磨料,磨具,五金交电,仪器仪表,建材,家用电器,室内外,装饰,装潢,以上,经营范围,需,审批,经营,审批,手续,许可证,经营,依法,须,批准,项目,相关,部门,批准,后方,开展,经营,活动"
665,张店美丽人鞋业存续,"鞋,帽,服装"
666,章丘市刁镇天助金属加工厂注销,"生铁,烧结,铁,钢球"
667,章丘市白云湖乐乐手机店在业,"零售,手机,配件,办公用品,话机,电信,UIM,卡,办理,固话,宽带,新装,缴费,电信,4G,业务,依法,须,批准,项目,相关,部门,批准,后方,开展,经营,活动"
668,章丘市海洋锻件厂注销,"锻件,加工,未,取得,专项,许可,项目"
669,招远市曼婷日用品商行在业,"日用品,化妆品,家居用品,零售,健康,信息,咨,依法,须,批准,项目,相关,部门,批准,后方,开展,经营,活动"
670,招远市方悦地质勘探有限公司在业,"地质勘探,矿山,工程,建筑工程,室内外,装潢,工程,园林绿化,工程,水利工程,施工,水电,暖,设备,安装,依法,须,批准,项目,相关,部门,批准,后方,开展,经营,活动"
671,周村艳阳便民蔬菜店存续,"蔬菜,水果,依法,须,批准,项目,相关,部门,批准,后方,开展,经营,活动"
672,周村凯涛家电维修部存续,"家用电器,中央空调,维修,清洗,服务,依法,须,批准,项目,相关,部门,批准,后方,开展,经营,活动"
673,诸城市智捷物流有限公司在业,"普通,货运,依法,须,批准,项目,相关,部门,批准,后方,开展,经营,活动"
674,诸城市彩虎小吃店存续,"小型,餐馆,依法,须,批准,项目,相关,部门,批准,后方,开展,经营,活动"
675,诸城市南戈庄农田灌溉专业合作社在业,"本社,成员,提供,农业,灌溉,服务,组织,采购,供应,成员,需,生产资料,开展,技术培训,技术,交流,咨询服务,依法,须,批准,项目,相关,部门,批准,后方,开展,经营,活动"
676,诸城市鸿记煌三汁焖锅店存续,"餐饮,服务,依法,须,批准,项目,相关,部门,批准,后方,开展,经营,活动"
677,诸城市天琦特种动物家庭农场在业,"特种,动物,养殖,以上,经营范围,凡,涉及,国家,专项,专营,规定"
678,博山八陡华祥百货经营部在业,"酒水,小,食品,许可证,有效期,2010,年,月,日,卷烟,雪茄烟,零售,许可证,有效期,2013,年,12,月,31,日"
679,淄博丰阳泰建筑工程有限公司在业,"建筑,工程施工,土石方,工程,道路,工程,市政工程,公路,路基,工程施工,园林绿化,工程,服务,水电工程,设计,河道,治理,工程施工,机械设备,租赁,劳务,服务,苗木,花卉,种植,销售,依法,须,批准,项目,相关,部门,批准,后方,开展,经营,活动"
680,盈科美辰国际旅行社有限公司淄博市高新区泰美路营业部在业,"境内,旅游,业务,入境,旅游,业务,出境,旅游,业务,会议,展览,服务,票务,代理,企业,依法,自主,选择,经营项目,开展,经营,活动,依法,须,批准,项目,相关,部门,批准,后,批准,内容,开展,经营,活动,从事,本市,产业政策,禁止,限制,类,项目,经营,活动,依法,须,批准,项目,相关,部门,批准,后方,开展,经营,活动"
681,淄博中环炉窑工程有限公司吊销,"炉墙,砌筑,工程,炉窑,维修,防腐,保温,工程,耐火材料,批发,零售,以上,经营范围,需,审批,许可,经营,审批,手续,许可证,经营,依法,须,批准,项目,相关,部门,批准,后方,开展,经营,活动"
682,淄博航顺经贸有限公司在业非正常户,"化工产品,原料,塑料原料,橡胶,原料,渣油,重油,道路,沥青,建筑,沥青,以上,经营范围,含,危险,化学品,易制毒,化品,含,储存,橡胶制品,塑料制品,塑,编制,品,化工,配件,阀门,管件,钢材,建材,石材,铁矿石,铁精粉,劳保用品,办公用品,五金建材,服装鞋帽,销售,依法,须,批准,项目,相关,部门,批准,后方,开展,经营,活动"
683,于美香在业,"生肉,销售,检验,检疫,证明,经营,日用百货,零售"
684,淄博九鼎信息科技有限公司在业,"计算机,维修,销售,软件开发,软件,服务,工具软件,服务,监控,工程,办公用品,销售,网络管理,软件,服务,依法,须,批准,项目,相关,部门,批准,后方,开展,经营,活动"
685,临淄区雪宫马泰冷鲜肉店在业,"冷,鲜肉,批发,兼,零售,依法,须,批准,项目,相关,部门,批准,后方,开展,经营,活动"
686,淄博兆通网络科技有限公司在业,"网络,工程施工,数据,编程,软件开发,电子商务,方案,开发,企业,管理,咨询,商务,咨询,互联网,技术,推广应用,网络,推广,服务,依法,须,批准,项目,相关,部门,批准,后方,开展,经营,活动"
687,淄博市康泰食品厂经营部吊销,"糕点,蛋糕,家用电器,工艺礼品,销售,依法,须,批准,项目,相关,部门,批准,后方,开展,经营,活动"
688,淄博惠泽机械科技有限公司在业,"制药机械,机电产品,研发,含,生产,维修,校验,销售,电子,元器件,金属制品,实验,仪器,水,处理,设备,配件,电子产品,机电产品,日化,用品,教学仪器,Ⅰ,类,医疗器械,销售,节能,技术,高低压,电子,元器件,气动,元器件,研发,含,生产,依法,须,批准,项目,相关,部门,批准,后方,开展,经营,活动"
689,淄博宏铭置业有限公司在业,"房地产,开发,销售,物业管理,建筑材料,陶瓷制品,日用百货,销售,餐饮,服务,酒店,管理,依法,须,批准,项目,相关,部门,批准,后方,开展,经营,活动"
690,淄博永策安装工程有限公司在业,"建筑安装,工程,机电设备,安装,工程,钢结构,安装,工程,大型,牌匾,安装,工程施工,依法,须,批准,项目,相关,部门,批准,后方,开展,经营,活动"
691,张店鑫达饭店注销,"饮食,旅馆,依法,须,批准,项目,相关,部门,批准,后方,开展,经营,活动"
692,周村越新机械配件厂吊销,"机械配件,模具,加工,维修,电器配件,塑料,制品,五金工具,零售"
693,淄博晟科不锈钢有限公司在业,"不锈钢材,不锈钢,制品,钢材,零售,依法,须,批准,项目,相关,部门,批准,后方,开展,经营,活动"
694,淄博鑫瑭贸易有限公司吊销非正常户,"建材,塑料制品,化工产品,含,易制毒,危险,化学品,劳,保护,品,纺织品,丝绸,销售,依法,须,批准,项目,相关,部门,批准,后方,开展,经营,活动"
695,淄川昆仑金琳鑫光伏发电设备经营部在业,"光伏,发电,光伏,发电设备,销售,依法,须,批准,项目,相关,部门,批准,后方,开展,经营,活动"
696,淄川西河纯玉施工队在业,"房屋,修缮,服务,水利工程,道路,工程施工,依法,须,批准,项目,相关,部门,批准,后方,开展,经营,活动"
697,淄川建材城云霞建材销售部在业,"建筑,陶瓷,零售,依法,须,批准,项目,相关,部门,批准,后方,开展,经营,活动"
698,淄川区罗村川力珍珠岩加工厂在业,"保温材料,加工,依法,须,批准,项目,相关,部门,批准,后方,开展,经营,活动"
699,桓台县旺发养猪农民专业合作社在业,"生猪,养殖,销售"
700,桓台县田庄镇于强汽修厂在业,"三类,机动车,维修,汽车,润滑,养护,依法,须,批准,项目,相关,部门,批准,后方,开展,经营,活动"
701,沂源爱尚网咖网吧在业,"互联网,上网,服务,经营,零售,预,包装,食品,依法,须,批准,项目,相关,部门,批准,后方,开展,经营,活动"
702,沂源县南麻街道办事处温大富果品经营部注销,"果品,销售,依法,须,批准,项目,相关,部门,批准,后方,开展,经营,活动"
703,淄博沂河源生产资料连锁有限公司南麻镇许村孔祥臣加盟连锁店在业,"淄博,沂河,源,生产资料,连锁,有限公司,配送,化肥,非,危化品,农药,农,地膜,中小,农机具,零售,依法,须,批准,项目,相关,部门,批准,后方,开展,经营,活动"
704,淄川区西河厚云日用品经营部存续,"日用品,洗涤,用品,化妆品,厨房用具,零售,相关,咨询服务"
705,邹城市土产杂品公司华府家用电器配套中心吊销,"家用电器,销售,依法,须,批准,项目,相关,部门,批准,后方,开展,经营,活动"
706,邹城市艺林形象设计中心存续,"理发,卫生,许可证,有效期限,2015,年,月,22,日止,涉及,许可,经营,须,许可证,批准,文件,经营"
707,邹城市南屯任雪香日用品店注销,"家居,日用品,零售,依法,须,批准,项目,相关,部门,批准,后方,开展,经营,活动"
708,邹城市轩浩食用菌种植专业合作社在业,"蘑菇,木耳,种植,销售,种子,采购,成员,种植,蘑菇,木耳,需,生产资料,涉及,许可,经营,须,许可证,批准,文件,经营"
709,山东省孔府医药保健品有限责任公司中药饮片加工厂在业,"中药饮片,炮制,范围"
710,邹城市丰雅美食城注销,"中型,餐馆,含,凉菜,不含,裱花,蛋糕,含,生食,海产品,餐饮,服务,许可证,有效期限,2015,年,月,10,日,环评,编号"
711,安丘市慧安工艺品厂在业,"加工,销售"
712,澳柯玛集团燃气具公司澳琪儿大酒店注销,"正餐,零售"
713,滨城区常佳瑞服装店注销,"服装,销售,依法,须,批准,项目,相关,部门,批准,后方,开展,经营,活动"
714,滨城区福音日用品商行在业,"针纺织品,洗化,用品,零售,依法,须,批准,项目,相关,部门,批准,后方,开展,经营,活动"
715,滨海经济开发区依玖捌伍男装店存续,"服装,销售,依法,须,批准,项目,相关,部门,批准,后方,开展,经营,活动"
716,滨州市滨城区龙腾木业加工厂在业,"木材,加工,销售,限,2016,年,月,26,日前,经营"
717,滨州市滨城区宁宁玩具商行存续,玩具
718,博山城西渔子夫烤鱼店存续,"炒菜,烤鱼,依法,须,批准,项目,相关,部门,批准,后方,开展,经营,活动"
719,博山千禧电器商行注销,"家用电器,办公用品,零售"
720,博兴县城东街道办事处洪磊汽车配件维修部存续,"汽车配件,销售,维修服务,依法,须,批准,项目,相关,部门,批准,后方,开展,经营"
721,博兴县锦秋办事处优检一生保健服务体验店存续,"保健,服务,保健食品,零售,依据,许可证,核定,经营范围,从事,经营,活动,依法,须,批准,项目,相关,部门,批准,后方,开展,经营,活动,经营,期限,许可证,为准,※,※,※"
722,曹县曹城办事处美丽人生服装店存续,"服装,零售"
723,曹县丛领粮食购销有限公司在业,"粮食,购销,依法,须,批准,项目,相关,部门,批准,后方,开展,经营,活动"
724,曹县古营集镇朝学杞条销售点注销,"杞条,销售,需经,许可,须,许可证,经营"
725,昌乐县艾敏日用百货商店在业,"洗浴,卫生,许可证,有效期"
726,昌邑市北孟镇建筑装饰公司曾用名注销,"500,平方米,以下,跨度,超过,米,单层,民用建筑,水泥,予,制件,依法,须,批准,项目,相关,部门,批准,后方,开展,经营,活动"
727,昌邑市陈甲彩养猪场存续,"许可,经营项目,生猪,养殖,依法,须,批准,项目,相关,部门,批准,后方,开展,经营,活动,有效期限,许可证,为准"
728,昌邑市惠民蔬菜专业合作社在业,"蔬菜,种植,销售"
729,昌邑市俊飞铝塑门窗加工部存续,"加工,零售,铝塑,门窗,依法,须,批准,项目,相关,部门,批准,后方,开展,经营,活动"
730,昌邑市饮马镇鑫鑫服装存续,"服装,零售"
731,城阳区莲佰箱包商行注销,"批发,箱包,服装,辅料,以上,范围,需经,许可,经营,须,许可证,经营"
732,成武县宝典陶瓷销售部存续,"地砖,卫浴"
733,成武县鑫满旺谷物种植专业合作社在业,"谷物,果蔬,棉花,种植,销售,成员,提供,谷物,果蔬,棉花,种植,需,生产资料,购买,技术,信息,咨询服务,依法,须,批准,项目,相关,部门,批准,后方,开展,经营,活动"
734,单县王献亮副食店在业,"预,包装,食品,散装,食品,项目,2012,年,11,月,日止,酒类,日用百货"
735,单县鑫恒门业有限公司在业,"门窗,生产,制造,销售,依法,须,批准,项目,相关,部门,批准,后方,开展,经营,活动"
736,单县张天朋家庭农场在业,"家庭,农场,经营,依法,须,批准,项目,相关,部门,批准,后方,开展,经营,活动"
737,德州经济技术开发区七洲商务酒店存续,"住宿服务,依法,须,批准,项目,相关,部门,批准,后方,开展,经营,活动"
738,德州经济技术开发区小单日化店存续,"日用品,零售,依法,须,批准,项目,相关,部门,批准,后方,开展,经营,活动"
739,德州市德城区安伟摩托车维修部存续,"电动车,销售,维修,摩托车,维修,依法,须,批准,项目,相关,部门,批准,后方,开展,经营,活动"
740,德州市德城区凤凰渔具店注销,"渔具,零售,依法,须,批准,项目,相关,部门,批准,后方,开展,经营,活动"
741,德州市德城区富洋家具加工处吊销,家具
742,德州市陵城区鼎盛手机销售部存续,"手机,手机配件,数码产品,配件,零售,电脑,电脑,耗材,零售,监控,器材,零售,安装,维护,柜台,租赁,代办,移动,业务,签订合同,许可,项目,经营,依法,须,批准,项目,相关,部门,批准,后方,开展,经营,活动"
743,定陶县人人乐副食超市在业,"零售,预,包装,食品,兼,散装,食品,乳制品,含,婴幼儿,配方,乳粉,食品,流通,许可证,经营,有效期,2015,年,02,月,16,日止"
745,东阿县牛角店镇淇鑫印务中心存续,"打字,复印,广告设计,印刷,牌匾,制作,照相,刻章,依法,须,批准,项目,相关,部门,批准,后方,开展,经营,活动"
746,东阿县铜城淘有趣电子商务中心在业,"网上,销售,日用品,服装,玩具,家用电器,纺织品,依法,须,批准,项目,相关,部门,批准,后方,开展,经营,活动"
747,东昌府区凤凰工业园涵涵百货商店存续,"日用百货,洗化,用品,批零兼营,依法,须,批准,项目,相关,部门,批准,后方,开展,经营,活动"
748,东平县残疾人服务社在业,"残疾人,开展,就业,培训,服务,产,前,产,中,产后,物资,技术,信息,项目,服务,轮椅,矫型器,假肢,残疾人,用品,用具,供应,销售,室内外,健身器材,供应,销售,依法,须,批准,项目,相关,部门,批准,后方,开展,经营,活动"
749,东营黄河口宏业消声器经销处存续,"汽车配件,消声器,国家,限制,禁止,经营,需凭,许可证,经营,许可证,经营"
750,东营区东城金辰川鲁王快餐店存续,"主食,热菜,酒水,饮料,国家,限制,禁止,经营,涉及,法律法规,规定,须,审批,许可证,经营"
751,东营区没有衣服服装店吊销,"服装,零售,以上,经营,事项,涉及,法律法规,规定,需,报批,批准,证,经营"
752,东营市超旺商贸有限公司在业,"食品,工艺礼品,办公用品,五金交电,建筑材料,管道配件,供暖,设备,电子产品,计算机,软硬件,耗材,日用百货,健身器材,电器,不锈钢,制品,铝合金,制品,化工产品,含,危险品,易制毒,化学品,防腐,保温材料,防水材料,阀门,消防设备,体育用品,环保,设备,金属材料,涂料,游乐,设施,销售,通讯器材,含,地面,卫星,接收,无线,发射装置,计算机,配件,销售,维修,电器,含,特种设备,安装,维修,果蔬,花卉苗木,草坪,种植,销售,房屋,修缮,装饰,装修,工程,管道工程,含,压力,管道,清洗,服务,园林绿化,工程,物业,服务,旅游,开发,依法,须,批准,项目,相关,部门,批准,后方,开展,经营,活动"
753,肥城凯顺经贸有限公司在业,"商务信息,咨询,货物运输,煤炭,代储,销售,钢材,建材,铁矿石,铁粉,五金交电,办公用品,日用百货,矿渣,矿渣,粉,石灰石,石灰,石灰粉,销售,依法,须,批准,项目,相关,部门,批准,后方,开展,经营,活动"
754,肥城市丁三清真快餐店存续,"清真,快餐,服务,面食,加工,销售,依法,须,批准,项目,相关,部门,批准,后方,开展,经营,活动"
755,肥城市蓝汐奶站在业,"食品,销售,依法,须,批准,项目,相关,部门,批准,后方,开展,经营,活动"
756,肥城市新潮百货部注销,"日用百货,土产,杂品,烟花爆竹"
757,肥城市易购百货超市存续,"预,包装,食品,日用百货,洗化,用品,零售,依法,须,批准,项目,相关,部门,批准,后方,开展,经营,活动"
758,费县宝兰板材厂在业,"胶合板,多层板,模板,加工,销售,依法,须,批准,项目,相关,部门,批准,后方,开展,经营,活动"
759,费县信望爱推拿店存续,"保健,按摩"
760,冯作海注销,"普通,货运,载重,2.5,吨,法定,许可证,经营"
761,福山区东厅鸿祥机油经销处存续,"批发,零售,机油,防冻液"
762,高密市国沣建材经营部存续,"零售,沙土,石子,混凝土,依法,须,批准,项目,相关,部门,批准,后方,开展,经营,活动"
763,高密市王吴加油站在业,"前置,许可,经营项目"
764,高密市效政蔬菜种植园注销,"蔬菜,种植,依法,须,批准,项目,相关,部门,批准,后方,开展,经营,活动"
765,高密县大栏供销合作社王家丘农机配件门市部注销,"农机配件,农业机械,含,拖拉机,中,小家具,土产,杂品,依法,须,批准,项目,相关,部门,批准,后方,开展,经营,活动"
766,高唐县鲁祥磷脂销售处存续,"批零兼营,食品,添加剂,依法,须,批准,项目,相关,部门,批准,后方,开展,经营,活动"
767,高唐县迈官屯村集贸市场存续,"集贸市场,服务,设施,租赁,维修服务,卫生,清洁,服务,依法,须,批准,项目,相关,部门,批准,后方,开展,经营,活动"
768,菏泽高新区凯驰汽车服务站在业,"汽车,维修,汽车配件,饰品,销售,钣,金,喷漆,洗车,依法,须,批准,项目,相关,部门,批准,后方,开展,经营,活动"
769,菏泽开发区简约酒水商行存续,"预,包装,食品,销售,含,冷藏,冷冻,食品,卷烟,雪茄烟,零售,日用百货,销售,依法,须,批准,项目,相关,部门,批准,后方,开展,经营,活动"
770,菏泽开发区张丕东百货门市部存续,"日用百货,洗化,用品,文具,销售"
771,菏泽市花都商埠金科伟业科技发展部迁出,"软件,制作,微机,办公设备,电脑,周边产品,数码产品,学习机"
772,菏泽市康利医疗器械有限公司在业,"Ⅲ,类"
773,菏泽市牡丹区波曼家电销售处在业,"家电,销售,依法,须,批准,项目,相关,部门,批准,后方,开展,经营,活动"
774,菏泽市牡丹区韶丹木材加工厂在业,"木材,加工,销售,依法,须,批准,项目,相关,部门,批准,后方,开展,经营,活动"
775,广饶县石村镇效同摩托车修理户吊销,"摩托车,修理"
776,海阳市福轩茶庄存续,"批发,零售,茶叶,茶具,依法,须,批准,项目,相关,部门,批准,后方,开展,经营,活动"
777,海阳市国人西服干洗店存续,"衣服,干洗"
778,河口区孤岛东方小屋美发店注销,"美发,服务"
779,桓台县城区喜旺快餐店存续,"餐饮,服务,依法,须,批准,项目,相关,部门,批准,后方,开展,经营,活动"
780,环翠区经利饭店存续,"餐饮,服务,有效期限,许可证,为准,依法,须,批准,项目,相关,部门,批准,后方,开展,经营,活动"
781,环翠区壹分利蔬菜批发部存续,"蔬菜,销售,依法,须,批准,项目,相关,部门,批准,后方,开展,经营,活动"
782,黄岛区比翼安大理石材店吊销,零售
783,黄岛区盛世丰源食品店在业,"批发,零售"
784,黄岛区憨豆葡萄酒酒庄在业,"批发,零售,预,包装,食品,经营,无需,行政,审批,即可,经营,经营项目,依法,须,批准,项目,相关,部门,批准,后方,开展,经营,活动"
785,黄岛区利国民粮店存续,"零售,预,包装,食品,散装,食品,现场,制售,经营,无需,行政,审批,即可,经营,经营项目,依法,须,批准,项目,相关,部门,批准,后方,开展,经营,活动"
786,黄岛区熊月月日用品商行存续,零售
787,黄岛区亿香源日用品商店存续,"零售,日用百货,依法,须,批准,项目,相关,部门,批准,后方,开展,经营,活动"
788,惠民县桑落墅镇李伟摩托配件店注销,"摩托,配件"
789,即墨市车启提家庭农场注销,"水产,养殖,以上,范围,需经,许可,经营,须,许可证,经营"
790,即墨市广达建筑装饰工程有限公司吊销,"土木建筑,室内外,装饰"
791,即墨市华锦绣针织服装厂注销,"加工,针织品,服装"
792,即墨市华桥建筑队吊销,"农平,房屋,维修"
793,即墨市龙元经济贸易公司吊销,"批发,零售,机械设备,产品,服装,装潢,材料,文化用品,水产品,饮食,服务"
794,即墨市明平百货商店在业,"零售,食品,依据,食药,部门,核发,食品,经营,许可证,开展,经营,活动,卷烟,依据,烟草,部门,核发,烟草专卖,零售,许可证,开展,经营,活动,日用百货,依法,须,批准,项目,相关,部门,批准,后方,开展,经营,活动"
795,即墨市森泰免烧砖厂在业,"制售,蒸汽,粉煤灰砖,以上,范围,需经,许可,经营,须,许可证,经营"
796,即墨市顺德饭店存续,"制售,中餐,含,凉菜,不含,裱花,蛋糕,含,生食,海产品,餐饮,服务,许可证,有效期,2012,年,月,16,日至,2015,年,月,15,日,以上,范围,需经,许可,经营,须,许可证,经营"
797,即墨市通济办事处天顺通讯器材维修店吊销,"代理,销售,手机卡,电话卡,需经,许可,经营,须,许可证,经营"
798,济南宝诚食品有限责任公司在业,"食品,保健食品,农产品,日用品,医疗器械,电子产品,机械设备,推广,销售,网上,销售,展览,展示,服务,贸易,代理服务,依法,须,批准,项目,相关,部门,批准,后方,开展,经营,活动"
799,济南宸源建材有限公司在业,"建筑材料,铝塑,型材,钢材,装饰,材料,五金交电,玻璃,办公用品,批发,零售,依法,须,批准,项目,相关,部门,批准,后方,开展,经营,活动"
800,济南福美来不锈钢制品有限公司吊销,"许可,经营项目"
801,济南海升商贸有限公司在业,"批发,零售"
802,济南槐荫金星琴行存续,"乐器,批发,零售,相关,咨询服务,须,审批,未获,批准,前,经营"
803,济南槐荫淇茗教育信息咨询中心存续,"教育,信息,咨询,非学历,短期,企业,管理,培训,依法,须,批准,项目,相关,部门,批准,后方,开展,经营,活动"
804,济南吉美生物科技有限公司在业,"生物,技术咨询,技术,服务,化工产品,含,危险,化学品,易制毒,化学品,化妆品,医疗器械,仪器仪表,非,专控,通讯设备,机械设备,计算机,配件,办公用品,耗材,批发,零售,依法,须,批准,项目,相关,部门,批准,后方,开展,经营,活动"
805,济南金大鸿不锈钢有限公司在业,"不锈钢,工程,金属,门窗,厨具,加工,销售,不锈钢,制品,五金交电,金属制品,铝塑板,配件,箱,电线电缆,机械设备,电子产品,办公用品,化工产品,含,危险,化学品,易制毒,化学品,建材,钢材,装饰,材料,批发,零售,钢结构,工程,建筑,装饰,装修,工程,依法,须,批准,项目,相关,部门,批准,后方,开展,经营,活动"
806,济南历下小程饭店存续,"餐饮,服务,许可证,经营,依法,须,批准,项目,相关,部门,批准,后方,开展,经营,活动"
807,济南林意保洁服务有限公司在业,"保洁,服务,清洁,服务,法律,法规,国务院,决定,规定,未,禁止,需,经营,许可,项目,依法,须,批准,项目,相关,部门,批准,后方,开展,经营,活动"
808,济南市长清区载沅家饮品店存续,"冷饮,热饮,服务,散装,食品,零售,依法,须,批准,项目,相关,部门,批准,后方,开展,经营,活动"
809,济南市历城区锦绣川乡俊雅服装店吊销,主营
810,济南市历城区天庆花卉经营部吊销,"花卉,销售,未,取得,专项,许可,项目"
811,济南市历城区喜滋滋水饺店存续,"餐饮,服务,依法,须,批准,项目,相关,部门,批准,后方,开展,经营,活动"
812,济南市历城区晏彬日用品商行存续,"安利,日用品,销售,售后服务,依法,须,批准,项目,相关,部门,批准,后方,开展,经营,活动"
813,济南市天桥区百芬姗姗超市存续,"餐饮,服务,烟,零售,食品,销售,以上,经营范围,许可证,经营,批发,零售,日用品,玩具,文具,依法,须,批准,项目,相关,部门,批准,后方,开展,经营,活动"
814,济南市天桥区刘勇烧饼店存续,"散装,食品,零售,依法,须,批准,项目,相关,部门,批准,后方,开展,经营,活动"
815,济南市天桥区启航船木家具商行存续,"家具,批发,零售,依法,须,批准,项目,相关,部门,批准,后方,开展,经营,活动"
816,济南市天桥区右右宠物用品店存续,"狗,粮,猫,粮,宠物用品,批发,零售,依法,须,批准,项目,相关,部门,批准,后方,开展,经营,活动"
817,济南市中新圣服饰店吊销,"服装,鞋帽,批发,零售,需经,许可,生产,经营,须,许可证,生产,经营"
818,济南祥达医药科技有限公司在业,"医药,技术开发,技术,服务,技术转让,化工产品,含,危险,化学品,实验室,设备,耗材,销售,依法,须,批准,项目,相关,部门,批准,后方,开展,经营,活动"
819,济南鑫讯电讯器材有限公司注销,"通讯器材,含,无线电,发射,家电,批发,零售"
820,济南信科在线信息发展有限公司吊销,"计算机,配件,仪器仪表,文教,用品,销售,计算机,软,硬件,开发,网络,技术,工程"
821,济南轩元经济咨询有限公司注销,"许可,经营项目"
822,济南延龙商贸有限公司吊销,销售
823,济南意美特环境工程有限公司曾用名在业,"工业,纯水,废水处理,设备,管道,设备,研制,生产,销售,工程施工,技术,服务,水,处理,设备,配件,树脂,仪表,管件,阀门,五金建材,销售,依法,须,批准,项目,相关,部门,批准,后方,开展,经营,活动"
824,济南永硕酒店管理有限公司注销,"许可,经营项目"
825,济南众博康贸易有限公司注销,"许可,经营项目"
826,济宁高新区振虎门市部在业,"日用百货,零售,散装,预,包装,冷冻,藏,食品,零售,食品卫生,许可证,有效期,2010,年,月,15,日止,本店,零售,卷烟,雪茄烟,烟草专卖,零售,许可证,有效期,2013,年,12,月,31,日止,需,专项,审批,经营项目,批准,文件,许可证,经营"
827,济宁格林伟瑞机械有限公司在业,"矿用,四轮车,矿用,运输,机械设备,配件,生产,制造,安装,销售,机械设备,研发,销售,汽车配件,零部件,机械设备,工程机械,环保,设备,新型材料,农用,变形,拖拉机,四轮,运矿机,地下,矿用,运输车,履带,运输车,配件,销售,普通,货物,技术,进出口,业务,依法,须,批准,项目,相关,部门,批准,后方,开展,经营,活动"
828,济宁贵润机械有限公司在业,"机械设备,工程机械,配件,工,刃量具,日用品,洗化,用品,建材,钢材,劳保用品,化工产品,含,危险,化学品,销售,工程机械,租赁,承揽,土石方,工程,货物,技术,进出口,国家,限定,经营,禁止,进出口,业务,依法,须,批准,项目,相关,部门,批准,后方,开展,经营,活动"
829,济宁市佳园房地产开发有限公司在业非正常户,"房地产,开发,销售,资质证书,经营,建筑材料,含,木材,装饰,材料,含,危险品,销售,房地产,营销策划,咨询,含,中介,涉及,许可,经营,须,许可证,批准,文件,经营,依法,须,批准,项目,相关,部门,批准,后方,开展,经营,活动"
830,济宁市任城区惠购便利店存续,"零售,预,包装,食品,兼,散装,食品,乳制品,含,婴幼儿,配方,奶粉,百货,服装鞋帽,五金交电,儿童玩具,文体用品,食品,流通,许可证,期限,2016,年,11,月,13,日止,涉及,许可,经营,许可证,批准,文件,开展,经营,活动"
831,济宁市市中区凯越甜叶菊购销部注销,"甜叶菊,大蒜,收购,销售,涉及,许可,经营,须,许可证,批准,文件,经营"
832,济宁市市中区新世纪厨具专卖店存续,"厨具,灶具,销售,涉及,许可,经营,须,许可证,批准,文件,经营"
833,济宁太白湖新区国玲皮毛购销处存续,"皮毛,购销,依法,须,批准,项目,须,相关,部门,批准,后方,开展,经营,活动"
834,济宁信诺工程机械租赁有限公司在业,"建筑工程,机械,设备,租赁,建材,五金产品,劳保用品,家用电器,电子产品,日用百货,办公用品,销售,停车,服务,土石方,工程施工,依法,须,批准,项目,相关,部门,批准,后方,开展,经营,活动"
835,济宁振泓市政工程有限公司在业,"市政工程,房屋建筑,工程,水电,暖,安装,工程,建筑,装饰,装修,工程,土石方,工程,房屋,拆除,工程,园林绿化,工程,钢结构,工程,环保,工程,玻璃幕墙,工程,公路工程,桥梁工程,机电设备,门窗,安装,物业管理,服务,建筑材料,含,危险,化学品,水,处理,设备,保温材料,灯具,机械设备,电子产品,五金产品,制冷,设备,塑料制品,机电设备,配件,销售,依法,须,批准,项目,相关,部门,批准,后方,开展,经营,活动"
836,济阳县垛石镇继中服装店存续,"服装,零售,以上,经营范围,内凡,涉及,国家,专项,专营,规定,规定"
837,济阳县垛石镇晓华农资门市部存续,"化肥,毒品,含,剧毒,品,成品油,易制,爆品,易制毒,品,第二类,监控,化学品,零售,有效期,许可证,为准,依法,须,批准,项目,相关,部门,批准,后方,开展,经营,活动"
838,济阳县慧芳安全网加工店存续,"安全网,加工,销售,依法,须,批准,项目,相关,部门,批准,后方,开展,经营,活动"
839,济阳县顺弟窗帘加工店注销,"窗帘,加工,销售,依法,须,批准,项目,相关,部门,批准,后方,开展,经营,活动"
840,嘉祥县城区车管家汽车装饰用品店存续,"三类,机动车,维修,车身,清洁,维护,车辆,装潢,篷布,坐垫,装饰,汽车装饰,材料,零售,道路,运输,经营,许可证,有效期,2016,年,月,29,日,涉及,许可,须,许可证,批准,文件,有效期,经营"
841,胶南大农农药经营部吊销,毒品
842,胶南汇众网吧注销,"互联网,上网,办公,耗材,零售"
843,胶南市海量复印部吊销,"打字,复印,传真,彩印,以上,范围,需经,许可,经营,须,许可证,经营"
844,胶南市红石崖镇建筑材料商店注销,"五金,油漆,照明,电器,建筑材料,日用百货,劳动保护,用品"
845,胶南市怡心美发厅吊销,服务
846,胶南市隐珠镇盛顺发电器维修部吊销,维修
847,胶南市朝霞儿童玩具商店吊销,零售
848,胶州市北关建筑公司搬运队注销,"货物,装卸,搬运"
849,胶州市华信电器批发部存续,"批发,兼,零售,小家电,家用电器,电脑,手机,打印机,电子产品,含,卫星,收发,设备,钢材,木材,日用百货,办公用品,电器,安装,维修,依法,须,批准,项目,相关,部门,批准,后方,开展,经营,活动"
850,胶州市李哥庄镇毛家庄塑料制品厂吊销,"塑料,蓬"
851,胶州市羊羊羊绒店注销,"批发,零售,羊毛,羊绒,服饰,依法,须,批准,项目,相关,部门,批准,后方,开展,经营,活动"
852,金乡县化雨镇起航教育信息服务中心存续,"教育,信息,咨询服务,依法,须,批准,项目,相关,部门,批准,后方,开展,经营,活动"
853,金乡县金乡镇小南门糁汤馆存续,"主,副食,加工,销售,涉及,许可,经营,须,许可证,批准,文件,经营"
854,金乡县金亚冷库在业,"大蒜,果品,蔬菜,购销,冷藏,初加工,依法,须,批准,项目,相关,部门,批准,后方,开展,经营,活动"
855,莒县龙山启锋照相部存续,"照相,十字绣,装裱,服务,日用百货,零售,依法,须,批准,项目,相关,部门,批准,后方,开展,经营,活动"
856,莒县石大科技石化油品销售有限公司在业,"汽油,柴油,零售,仅限,设立,分支机构,经营,有效期限,许可证,为准,润滑油,化工产品,易制毒,化学品,危险,化学品,日用百货,办公用品,汽车配件,五金交电,石油,石化,设备,零部件,销售,汽车,美容,地磅,服务,石油化工,新,技术,新工艺,新,设备,新,材料,新,产品,技术开发,相关,技术,服务,石油化工,设备设计,以上,范围,需经,许可,审批,经营,无,有效,许可证,审批,手续,开展,经营,活动,依法,须,批准,项目,相关,部门,批准,后方,开展,经营,活动"
857,巨野县巨野镇天赐缘休闲酒吧注销,"酒水,饮料,卫生,许可证,经营,有效期,2008,年,月,日"
858,巨野县双鑫不锈钢制品销售有限公司曾用名在业,"不锈钢,制品,销售,依法,须,批准,项目,相关,部门,批准,后方,开展,经营,活动"
859,鄄城县庆民玩具厂在业,"玩具,加工,销售,依法,须,批准,项目,相关,部门,批准,后方,开展,经营,活动"
860,鄄城县宋华米面油门市部存续,"预,包装,食品,散装,食品,食品,流通,许可证,经营,有效期,2013,年,月,21,日"
861,鄄城县众发种植专业合作社在业,"统一,成员,采购,种植,需,生产资料,统一,销售,成员,种植,农作物,需,专项,审批,许可,成员,引进,种植,新,技术,新品种,开展,种植,技术培训,技术,交流,信息,咨询服务"
862,骏高国际货运(中国)有限公司青岛分公司在业,"无船,承运,业务,承办,海运,空运,进出口,货物,国际,展品,私人物品,过境,货物,国际,运输,代理,业务,相关,短途运输,服务,运输,咨询,业务,以上,范围,需经,许可,经营,须,许可证,经营"
863,垦利区胜坨爱尚衣服装店在业,"服装,日用百货,劳保用品,洗化,用品,批发,兼,零售,依法,须,批准,项目,相关,部门,批准,后方,开展,经营,活动"
864,垦利县董集镇汇通建材经营部存续,"沙子,水泥,石子,白灰,钢渣,石膏,粉,白灰,矿粉,炉渣,助磨剂,零售,依法,须,批准,项目,相关,部门,批准,后方,开展,经营,活动"
865,垦利县永安镇龙伟手机店存续,"手机,零售,依法,须,批准,项目,相关,部门,批准,后方,开展,经营,活动,有效期限,许可证,为准"
866,奎文区大虞翠峰苑火锅店在业,"饭馆,卫生,许可证,有效期,2016,年,月,11,日,中型,餐馆,火锅"
867,莱山区龙赫小吃店在业,"小吃,服务,依法,须,批准,项目,相关,部门,批准,后方,开展,经营,活动"
868,莱山区明国食品经销处注销,"预,包装,食品,零售,食品,流通,许可证,有效期,2016,年,月,25,日"
869,莱芜高新区三五八羊汤馆存续,"餐饮,服务,依法,须,批准,项目,相关,部门,批准,后方,开展,经营,活动"
870,莱芜市莱城区德民柿子购销中心注销,"蔬菜,依法,须,批准,项目,相关,部门,批准,后方,开展,经营,活动"
871,莱芜市莱城区雪野镇东站砂场吊销,"河砂,开采,销售,有效期,2006,年,12,月,31,日,依法,须,批准,项目,相关,部门,批准,后方,开展,经营,活动"
872,莱芜市莱城区勋达线路工程施工队注销,"通讯,线路,架设,施工,资质,证,通讯设备,安装,维修,通讯器材,销售,依法,须,批准,项目,相关,部门,批准,后方,开展,经营,活动"
873,莱芜市三人行汽车服务有限公司在业,"汽车,租赁,服务,汽车,美容,服务,汽车配件,发动机,汽车,装具,销售,依法,须,批准,项目,相关,部门,批准,后方,开展,经营,活动"
874,莱西市百顺日用品商店存续,"日用百货,零售,以上,范围,需经,许可,经营,须,许可证,经营"
875,莱西市昌隆市场大千鞋店注销,"零售,鞋"
876,莱西市千湖岛海参店存续,"批发,散装,食品,食品,流通,许可证,有效期,2015,年,月,20,日止,以上,范围,需经,许可,经营,须,许可证,经营"
877,莱阳市玉涛畜产品加工部存续,"畜产品,加工,依法,须,批准,项目,相关,部门,批准,后方,开展,经营,活动"
878,莱州市土山镇英利废品回收站在业,回收
879,莱州市文昌路南首秀艳地膜种子经营处注销,零售
880,莱州市文景凤凰城超然装饰材料经销店存续,"批发,零售,建筑材料,装饰,材料,五金产品,装卸,搬运,服务,依法,须,批准,项目,相关,部门,批准,后方,开展,经营,活动"
881,老城镇范庄清春养殖户农注销,"小山羊,养殖"
883,乐陵市化楼镇登柱副食品超市注销,"烟酒,副食,卫生,许可证,经营,百货"
884,李沧区百里佳按摩养生馆存续,"保健,按摩,依法,须,批准,项目,相关,部门,批准,后方,开展,经营,活动"
885,李沧区叁仟喜面馆存续,"食品,经营,相关,部门,许可证,批准,文件,开展,经营,活动,依法,须,批准,项目,相关,部门,批准,后方,开展,经营,活动"
886,李沧区彤琪顺家电五金经销处存续,"零售,家用电器,五金,机电,建筑材料,土产,杂品,办公用品,化工产品,含,危险品,家电,维修,以上,范围,需经,许可,经营,须,许可证,经营"
887,李沧区王作均日用百货店存续,"零售,日用百货,以上,范围,需经,许可,经营,须,许可证,经营"
888,李沧区悠然梓装饰材料经销部在业,批发
889,利津县盐窝路宇建材销售处存续,"石子,石粉,砂子,销售,依法,须,批准,项目,相关,部门,批准,后方,开展,经营,活动"
890,历城区岐度日用品经营部在业,"日用品,保健食品,有效期,国家,新,保健食品,法规,政策,出台,时止,化妆品,办公用品,五金交电,批发,零售,依法,须,批准,项目,相关,部门,批准,后方,开展,经营,活动"
891,梁山县德英烟酒经营部注销,烟酒
892,梁山县棋友茶叶店存续,"零售,茶叶,依法,须,批准,项目,相关,部门,批准,后方,开展,经营,活动"
893,聊城经济技术开发区广平乡西街宏泰汽修部存续,"汽车,维修服务,依法,须,批准,项目,相关,部门,批准,后方,开展,经营,活动"
894,聊城经济技术开发区广平盈盈平价鞋城注销,"服装,鞋,零售,依法,须,批准,项目,相关,部门,批准,后方,开展,经营,活动"
895,聊城市东昌府区春雨粮食种植专业合作社在业,"组织,本社,成员,开展,粮食作物,水果,蔬菜,花卉,种植,统一,销售,社员,生产,种植,农产品,统一,购买,种植,需,化肥,农药,种子,农机具,限,自用,对外,销售,引进,新,技术,新品种,示范,种植,大田,推广,特色,农业,基地,建设,开展,技术培训,技术,交流,合作社,行政村,经营,吸收,公众,存款"
896,聊城市东昌府区秀芬棋牌室存续,"棋牌,娱乐,服务,依法,须,批准,项目,相关,部门,批准,后方,开展,经营,活动,有效期限,许可证,为准"
897,聊城市华隆农机配件公司摩托车维修处曾用名注销,"摩托车,维修,摩托车,配件,购销,依法,须,批准,项目,相关,部门,批准,后方,开展,经营,活动"
898,临清市晟昂轴承有限公司在业,"轴承,配件,生产,加工,批发,零售,依法,须,批准,项目,相关,部门,批准,后方,开展,经营,活动"
899,临清市戴湾镇秀明五金门市部存续,"五金,零售"
900,临清市华通轴承有限公司吊销,"轴承,轴承,配件,生产,加工,销售,依法,须,批准,项目,相关,部门,批准,后方,开展,经营,活动"
901,临朐群利机械设备有限公司在业,"玻璃,加工,设备,制造,销售,依法,须,批准,项目,相关,部门,批准,后方,开展,经营,活动"
902,临朐县健富养猪场在业,"生猪,养殖,销售,依法,须,批准,项目,相关,部门,批准,后方,开展,经营,活动"
903,临朐县毛线批发经营部注销,"毛线,化工,机电产品,含,汽车,小型,农机,配件,日用,土特,杂品,烟酒,糖茶,副食品,批零兼营,依法,须,批准,项目,相关,部门,批准,后方,开展,经营,活动"
904,临朐县沂山镇长生板材厂在业,"木材,收购,加工,销售,木材,经营,许可证,有效期,2013,年,月,日,以上,经营范围,凡,涉及,国家有关,专项,专营,规定,规定"
905,临沂农业生产资料公司农药批发部吊销,"农药,药械,化肥,方式"
906,临沂批发城威迪装饰材料经营部注销,"装饰,材料,需,许可,经营,须,许可证,资质,证,经营"
907,临沂瑞兴市场发展有限公司新能源电动汽车配件城分公司在业,"房地产,开发,经营,物业管理,市场,设施,出租,市场,项目,开发,依法,须,批准,项目,相关,部门,批准,后方,开展,经营,活动"
908,临沂商城张标干货调料商行在业,"预,包装,食品,依法,须,批准,项目,相关,部门,批准,后方,开展,经营,活动"
909,临沂市进口物资贸易公司吊销,"金属材料,木材,水泥,防水材料,玻璃,塑料,橡胶,制品,摩托车,农机配件,建材,果品,日用,杂品,五金工具,水暖器材,建筑,五金,皮革,家俱,灯具,装饰,材料,依法,须,批准,项目,相关,部门,批准,后方,开展,经营,活动"
910,临沂市兰山区双达广告策划服务部注销,"营销,广告,策划,代理,发布,需经,许可,经营,须,有效,许可证,件,经营"
911,临沂新江钢木制品有限公司在业,"钢木,农具,木制,锤,柄,五金工具,塑钢,锤,柄,生产,销售,依法,须,批准,项目,相关,部门,批准,后方,开展,经营,活动"
912,临邑县临邑镇张定杆副食综合商店存续,"预,包装,食品,散装,食品,烟酒,百货"
913,临淄丰满世界服装店在业,"服装,鞋帽,箱包,批发,兼,零售,纹,绣,服务,依法,须,批准,项目,相关,部门,批准,后方,开展,经营,活动"
914,临淄区齐都镇博泰商店存续,"劳保用品,办公用品,洗化,用品,日用百货,批发,兼,零售,依法,须,批准,项目,相关,部门,批准,后方,开展,经营,活动"
915,临淄区雪宫荣华润滑油经销处存续,"润滑油,批发,零售"
916,陵县瀚玉擦鞋店注销,"擦鞋,洗鞋,服务,鞋,鞋油,鞋垫,零售"
917,刘纪堂在业,"家用电器,零售,须,审批,未获,批准,前,经营"
918,市北区润佳多日用品信息咨询服务部注销,"日用品,信息,咨询,以上,范围,需经,许可,经营,须,许可证,经营"
919,龙口市黄城裕宏商店存续,"日用品,零售,相关,产品,售后服务"
920,龙口市龙口老马商店注销,"土产,杂品,含,烟花爆竹,日用百货,零售"
921,龙口市万利冲压设备厂注销,"冲床,五金,电器"
922,龙口市威诚商贸有限公司黄城分公司在业,"电动车,配件,摩托车,配件,五金交电,仪器仪表,钢材,木材,建材,文体,办公用品,机电产品,配件,机械设备,电线电缆,橡,塑制品,化工产品,含,危险,化学品,润滑油,油脂,劳保用品,日用,杂品,批发,零售,依法,须,批准,项目,相关,部门,批准,后方,开展,经营,活动"
923,宓连欣注销,"普通,货运"
924,宁阳县益民肉类加工厂南街肉食店注销,"生肉,熟肉制品"
925,蓬莱市登州幸运日用品商店存续,"零售,日用品,依法,须,批准,项目,相关,部门,批准,后方,开展,经营,活动"
926,平度市爱萍原始点保健服务中心在业,"保健,服务,按摩,养生,服务,推广,推拿,经营,无需,行政,审批,即可,经营,经营项目,依法,须,批准,项目,相关,部门,批准,后方,开展,经营,活动"
927,平度市长夏农资经营部在业,"化肥,地膜,零售,以上,范围,需经,许可,经营,须,许可证,经营"
928,平度市春雷地板商店注销,"地板,零售,以上,范围,需经,许可,经营,须,许可证,经营"
929,平度市仁兆镇鹏涛泉建材经销处在业,"建筑材料,批发,零售,经营,无需,行政,审批,即可,经营,经营项目,依法,须,批准,项目,相关,部门,批准,后方,开展,经营,活动"
930,平邑县家栋超市在业,"日用百货,烟酒,糖茶,土产,杂品,化肥,销售,依法,须,批准,项目,相关,部门,批准,后方,开展,经营,活动"
931,平邑县天宝天成山楂糕厂注销,"山楂糕,加工,销售"
932,平阴县晶晶照相馆吊销,"照相,照相,器材,服务,零售"
933,平阴县蜀正园火锅城吊销,"火锅,羊肉,加工,销售,酒水,销售,以上,经营范围,凡,涉及,国家,专项,专营,规定,规定"
934,平原县实惠佳熟食摊位存续,"熟食,零售,依法,须,批准,项目,相关,部门,批准,后方,开展,经营,活动"
935,平原县腾杰建材经销处存续,"建筑材料,销售,依法,须,批准,项目,相关,部门,批准,后方,开展,经营,活动"
936,栖霞市弘宝商贸有限公司在业,"批发,零售"
937,栖霞市鸢鹰果品专业合作社在业,"组织,储藏,收购,销售,初加工,成员,种植,果品,采购,成员,需,农业,生产资料,含,农药,提供,相关,技术,信息,服务,依法,须,批准,项目,相关,部门,批准,后方,开展,经营,活动"
938,齐河县安头乡立勇化肥店存续,"化肥,零售,依法,须,批准,项目,相关,部门,批准,后方,开展,经营,活动"
939,齐河县菲亚纤姿美容中心吊销,"美容,护肤"
940,齐河县焦庙镇张广兽药饲料门市部存续,"兽药,含,兽用,生物制品,饲料,有效期限,许可证,为准,依法,须,批准,项目,相关,部门,批准,后方,开展,经营,活动,零售"
941,齐河县米家羊头老店吊销,"牛,羊肉,下货,烟酒"
942,青岛百慧智业生物制药有限公司在业,"兽药,研发,生产,销售,依据,畜牧,主管部门,核发,兽药,经营,许可证,开展,经营,活动,货物,进出口,法律,行政,法规,禁止,项目,法律,行政,法规,限制,项目,取得,许可,后方,经营,依法,须,批准,项目,相关,部门,批准,后方,开展,经营,活动"
943,青岛宝迪汽车销售服务有限公司注销,"许可,经营项目"
944,青岛博来德国际贸易有限公司在业,"国际贸易,转口贸易,区内,企业,之间,贸易,贸易,项,下,加工,整理,自营,代理,各类,商品,技术,进出口,依法,须,批准,项目,相关,部门,批准,后方,开展,经营,活动"
945,青岛赐世恩商贸有限公司在业,经营项目
946,青岛大华机器厂商贸经理部注销,"批发,零售,钢材,铸铁,机床设备,配件,建筑,五金,化工原料,含,危险品,家用电器,煤炭,汽油,柴油,润滑油,煤油,木材,建筑材料,日用百货,纺织品,服装"
947,青岛戴姆雷博机器人科技有限公司在业,"机器人,科技领域,技术,研发,技术咨询,技术转让,建筑工程,室内外,装饰,装潢,工程设计,施工,批发,零售"
948,青岛迪卡通商贸有限公司在业,批发
949,青岛韩味亭餐饮有限公司大崂路分公司注销,"小型,餐馆,依法,须,批准,项目,相关,部门,批准,后方,开展,经营,活动"
950,青岛和而同商贸有限公司吊销,"批发,预,包装,食品,限,酒类,饮料,饮品,涉及,配额,许可证,管理,国家,专项,管理,产品,国家有关,规定,办理,食品,流通,许可证,有效期"
951,青岛惠昌鑫工贸有限公司在业,"加工,此地,加工"
952,青岛金澜盛世广告有限公司东营分公司注销,"设计,制作,代理,发布,国内,广告业务,庆典礼仪,服务,企业,营销策划,展台,设计,搭建,平面设计,国家,限制,禁止,涉及,法律法规,需经,审批,须,许可证,经营,依法,须,批准,项目,相关,部门,批准,后方,开展,经营,活动"
953,青岛经济技术开发区鑫海苑酒店吊销,"面食,炒菜,饮料,服务"
954,青岛经济技术开发区中青粮油贸易公司中青酒家吊销,"饮食,服务"
955,青岛久星裕能科技有限公司在业,"太阳能,电站,开发,技术咨询,太阳能,设备,销售,依法,须,批准,项目,相关,部门,批准,后方,开展,经营,活动"
956,青岛科创新技术有限公司吊销,经营项目
957,青岛利多计量仪器有限公司在业,经营项目
958,青岛六德农产品专业合作社在业,"指导,本社,成员,种植,果树,蔬菜,地瓜,芋头,花生,绿化,树木,组织,销售,本社,成员,种植,新鲜,水果,蔬菜,地瓜,芋头,花生,绿化,树木,本社,社员,采购,原材料,引进,新,技术,提供,信息,咨询服务,依法,须,批准,项目,相关,部门,批准,后方,开展,经营,活动"
959,青岛绿源再生资源有限公司在业,"回收,加工,地毯,边角料,废塑料,旧,棉制品,普通,货运,道路,运输,经营,许可证,有效期限,许可证,为准,依法,须,批准,项目,相关,部门,批准,后方,开展,经营,活动"
960,青岛闽星联合贸易有限公司注销,批发
961,青岛南丁格尔服装制造有限公司国际贸易部注销,经营项目
962,青岛农宝农资经销处注销,经营项目
963,青岛瑞保橡塑有限公司在业,"制造,销售"
964,青岛瑞成祥包装有限公司曾用名在业,"销售,包装,制品,纸制品,塑料制品,不干胶,吊牌,服装,鞋帽,玩具,五金制品,销售,钢材,铜材,铝材,有色金属,含,国家,限制,品种,货物,进出口,技术,进出口,法律,行政,法规,禁止,项目,法律,行政,法规,限制,项目,取得,许可,后方,经营,印刷,含,出版物,依据,文广,新,部门,核发,印刷,经营,许可证,开展,经营,活动,制模,依法,须,批准,项目,相关,部门,批准,后方,开展,经营,活动"
965,青岛山海天酒店管理有限公司在业,"大型,餐馆"
966,青岛山水名园物业管理有限公司在业,"物业管理,服务,家政,服务,园林绿化,依法,须,批准,项目,相关,部门,批准,后方,开展,经营,活动"
967,青岛世迈通达网络科技有限公司在业,"计算机网络,技术开发,咨询服务,计算机网络,系统集成,计算机软件,开发,经济,信息,咨询,批发,网上,经营,含,金融业务"
968,青岛市城阳区惜福镇沙河石材经营部注销,零售
969,青岛市城阳区悦榕美丽生活用品专卖店注销,零售
970,青岛市崂山金店第二分店(销)注销,"黄金饰品,饰品,纪念币"
971,青岛市市北区超睿利商行存续,"零售,日用百货,家居,护理,用品,厨房用具,化妆品,保健食品,相关,产品,信息,咨询服务"
972,青岛市市北区东飞商行注销,"批发,零售,代购,代,空调,旧,家用电器"
973,青岛市市南区青春美商行吊销,零售
974,青岛市中山商城旭日服装精品屋注销,零售
975,青岛万基企业管理咨询有限公司在业,经营项目
976,青岛旭东肉食店陆分店注销,"许可,经营项目"
977,青岛永宏科健农副产品有限公司曾用名在业,销售
978,青岛照之俊咨询服务有限公司在业,"企业,管理,信息,咨询,商务信息,咨询,含,金融,证券,期货,保险业务,酒店,管理,信息,咨询,会议,服务,含,餐饮,住宿,旅游,信息,咨询,企业,营销策划,展览,展示,服务,依法,须,批准,项目,相关,部门,批准,后方,开展,经营,活动"
979,青岛正浩工程设备有限公司曾用名在业,"金属,门窗,制造,加工"
980,青岛正上农业科技有限公司曾用名在业,经营项目
981,青州景远工贸有限公司吊销,"钢材,机床配件,刀具,钟表,化工产品,含,危险品,纸品,纺织品,销售,机械配件,加工,销售,国家,法律法规,禁止,限制,项目,需,许可证,许可证,经营,依法,须,批准,项目,相关,部门,批准,后方,开展,经营,活动"
982,青州市广鲁油酥火烧店存续,"散装,食品,现场,制售,依法,须,批准,项目,相关,部门,批准,后方,开展,经营,活动"
983,青州市何官镇守德百货门市部存续,"日用百货,五金,零售,以上,经营范围,内凡,涉及,国家,专项,专营,规定,规定,需,许可证,许可证,经营"
984,青州市口埠供销社黄家里双第一村级服务站在业,"农药,危险,化学品,剧毒,高毒,高残留,农药,杀鼠剂,零售,有效期限,许可证,为准,化肥,含,硝酸铵,农膜,定型,包装,种子,零售,法律法规,禁止,限制,需,许可证,许可证,经营,依法,须,批准,项目,相关,部门,批准,后方,开展,经营,活动"
985,青州市鹏业废旧金属收购站存续,"废旧,物品,购销,农用,机械配件,加工,销售,国家,法律法规,禁止,限制,经营,经营,凡,涉及,国家,专项,专营,规定,规定"
986,青州市统一劳保用品厂注销,"劳保,手套,制造,销售,以上,经营范围,内凡,涉及,国家,专项,专营,规定,规定,国家,法律法规,限制,禁止,生产,经营"
987,青州市益都中大包装材料厂在业,"塑料,编织袋,面粉袋,纸箱,加工,销售"
988,青州市张家洼水泥预制件厂在业,"水泥,预制件,加工,销售,国家,法律法规,限制,禁止,经营,需,环保,手续,需,环保部门,验收,合格,后方,经营"
989,青州市珍富林礼品行存续,"预,包装,散装,食品,销售,有效期限,2014,年,月,10,日"
990,曲阜卞氏商贸有限公司在业,"汽车,装具,用品,管材,建材,装饰,材料,钢材,五金,电料,日用百货,塑料制品,土产,杂品,体育用品,服装,销售,依法,须,批准,项目,相关,部门,批准,后方,开展,经营,活动"
991,曲阜开心网络科技有限公司在业,"计算机网络,科技领域,技术开发,技术咨询,技术转让,网站,开发,网页,设计,网络,推广,计算机软件,开发,市场,营销策划,组织,文化,艺术交流,活动,展览,展示,服务,企业,管理,咨询,计算机系统,集成,数据处理,服务,动画设计,通讯设备,数码产品,电子产品,计算机,软硬件,销售,依法,须,批准,项目,相关,部门,批准,后方,开展,经营,活动"
992,曲阜市新联供销经营部存续,"零售,预,包装,食品,兼,散装,食品,乳制品,含,婴幼儿,配方,乳粉,许可证,经营,有效期,2016,年,月,日,百货,日用,杂品,销售"
993,曲阜市英才餐厅存续,"餐饮,服务,依法,须,批准,项目,相关,部门,批准,后方,开展,经营,活动,有效期限,2017,年,12,月,31,日"
994,曲阜杏坛迎宾馆有限公司吊销,"宾馆,场所,设施,用具,租赁,房屋,租赁,土地,整理,工程施工,资质证书,经营,需经,专项,许可,经营,项目,批准,文件,经营,依法,须,批准,项目,相关,部门,批准,后方,开展,经营,活动"
995,日照乐纯新能源有限公司在业非正常户,"新能源,技术开发,电子产品,碳素,制品,竹制品,木制品,食品,批发,零售,计算机系统,集成,维护,依法,须,批准,项目,相关,部门,批准,后方,开展,经营,活动"
996,日照市东港区海河康养猪专业合作社在业,"生猪,养殖,组织,销售,成员,养殖,生猪,组织,采购,成员,养殖,生猪,需,饲料,成员,养殖,生猪,提供,信息,咨询,技术,服务,依法,须,批准,项目,相关,部门,批准,后方,开展,经营,活动"
997,日照市东港区吉明养鸡厂在业,"蛋鸡,饲养,鸡蛋,销售,上述,范围,涉及,许可,经营,有效,许可证,经营"
998,日照市东港区秦阳百货超市在业,"常温,保存,食品,销售,卫生,许可证,有效期,经营,2008,年,12,月,19,日至"
999,日照市东港区庄稼人全羊馆存续,"餐饮,服务,依法,须,批准,项目,相关,部门,批准,后方,开展,经营,活动"
1000,荣成市港湾威达商店注销,"零售,劳保用品,日用百货"
1001,荣成市崖头金成发日用杂品商店注销,"零售,日用,杂品"
1002,乳山市鸿旺电器店存续,"零售,家用电器,服装,自行车,灯饰,依法,须,批准,项目,相关,部门,批准,后方,开展,经营,活动"
1003,山东滨州珍珠果饮品有限公司吊销,"生产,销售,米酒,饮料,依法,须,批准,项目,相关,部门,批准,后方,开展,经营,活动"
1004,山东辰酉餐饮管理有限公司在业,"餐饮,服务,餐饮,管理,餐饮,管理,咨询,住宿,许可证,经营,企业,管理,咨询,企业形象,策划,市场,营销策划,健身,服务,依法,须,批准,项目,相关,部门,批准,后方,开展,经营,活动"
1005,山东创智谷园区运营管理有限公司在业,"园区,运营,管理,园区,综合,开发,物业管理,服务,园林绿化,工程,环境,综合,整治,工程,市政工程,城镇,建设,配套工程,房地产,开发,销售,信息,咨询服务,企业,管理,咨询,展览,展示,服务,会议,服务,企业,策划,电脑,图文,设计,广告设计,制作,代理,发表,销售,五金,建材,家具,办公用品,电力设备,管理,电力,技术咨询,电力,生产,服务,依法,须,批准,项目,相关,部门,批准,后方,开展,经营,活动"
1006,山东大紫象商贸有限公司曾用名在业非正常户,"批发,零售"
1007,山东电力金秋图书音像销售中心注销,"图书,音像制品,零售,出租,音响器材,零售,家用电器,销售,维修"
1008,山东东海科技开发有限公司吊销,"科技开发,新,产品,研究,信息,咨询服务,技术培训,依法,须,批准,项目,相关,部门,批准,后方,开展,经营,活动"
1009,山东科信认证咨询服务中心吊销,"质量,管理体系,认证咨询,有效期,2005,年,12,月,31,日"
1010,山东蓝德置业集团有限公司曾用名在业,"房地产,开发,经营,建筑材料,含,危险,化学品,金属材料,电气,机械,器材,五金产品,日用百货,纺织品,服装,文具用品,体育用品,涂料,含,危险,化学品,铝合金,门窗,销售,物业管理,服务,依法,须,批准,项目,相关,部门,批准,后方,开展,经营,活动"
1011,山东鲁傲管理咨询有限公司曾用名在业,"企业,管理,咨询服务,合同,能源管理,职业技能,培训,知识产权,服务,依法,须,批准,项目,相关,部门,批准,后方,开展,经营,活动"
1012,山东罗欣大药房连锁有限公司泰和花园店在业,"零售,连锁"
1013,山东省博兴县泰辉工贸有限公司在业,"厨房设备,加工,销售,不锈钢,制品,加工,拉伸,冲压,销售,不锈钢,板材,厨房,配件,炊事,机械,五金,电料,彩涂板,镀锌板,销售,依法,须,批准,项目,相关,部门,批准,后方,开展,经营,活动"
1014,山东省通信公司邹城分公司香城营业部曾用名注销,"行政区划,国内,国际,各类,固定,电信,网络,设施,含,本地,无线,环路,电信,网络,话音,数据,图像,多媒体通信,信息,服务,通信,信息,业务,相关,系统集成,技术开发,技术,服务,信息,咨询,通信,设备,销售,依法,须,批准,项目,相关,部门,批准,后方,开展,经营,活动"
1015,山东兴发金融机具有限公司曾用名在业非正常户,"点钞机,捆,钞机,电子,回单,柜,排号,机,监控,设备,批发,零售,依法,须,批准,项目,相关,部门,批准,后方,开展,经营,活动"
1016,山东秀联商贸有限公司在业,"销售,网上,销售"
1017,山东真善美资源有限公司在业,"矿产品,销售,含,国家,专控,类,国内,文化,艺术交流,含,演出,金银,珠宝首饰,批发,零售,农林,畜牧,技术开发,商务,咨询服务,进出口,业务,工艺品,家用电器,日用百货,非,专控,农副产品,木材,家具,五金制品,机械设备,金属材料,燃料油,化工产品,化工原料,以上,凭证,许可证,经营,仓储,含,危险品,销售,房地产,开发,港口,码头,开发,建设,物业管理,以上,资质,证,经营,普通,货运,许可证,经营,污水处理,带有,存储,设施,经营"
1018,山东知足常乐文化传媒有限公司在业,"文化,艺术交流,活动,组织,策划,企业,管理,咨询,商务信息,咨询,会展,服务,图文,设计,制作,设计,制作,代理,发布,各类,广告,销售"
1019,山东筑立方建筑工程有限公司在业,"建筑工程,室内外,装饰,工程,景观,工程,园林绿化,工程,水电,暖,安装,工程,防水工程,土木工程,施工,销售"
1020,山亭区明亮通讯部存续,"代缴,话费,通讯器材,手机卡,依法,须,批准,项目,相关,部门,批准,后方,开展,经营,活动,每年,月,日至,月,30,日,企业信用,信息,公示,系统,地址,http,sdxy,gov,cn,枣庄,红盾,信息网,报送,年度报告,公示,销售,服务"
1021,商河县安心家园快餐店存续,"快餐,服务,依法,须,批准,项目,相关,部门,批准,后方,开展,经营,活动"
1022,深圳市天鸟电子科技有限公司济南分公司吊销,"通信,器材,含,无线电,发射,计算机网络,系统,家用,保健,设备,销售"
1023,莘县城镇荣发酒水门市部注销,"酒水,批发,零售"
1024,莘县宏嘉五交化商店在业,"电动工具,五金,电料,水暖,管材,标准件,灯具,销售,依法,须,批准,项目,相关,部门,批准,后方,开展,经营,活动"
1025,市北区进榜谊宠物用品店存续,"批发,零售,宠物用品,依法,须,批准,项目,相关,部门,批准,后方,开展,经营,活动"
1026,市北区科玛食品商行存续,"批发,预,包装,食品,食品,流通,许可证,有效期,2016,年,月,日,以上,范围,需经,许可,经营,须,许可证,经营"
1027,市北区禄红翩平面设计工作室存续,"服务,平面设计,广告,文案,设计,依法,须,批准,项目,相关,部门,批准,后方,开展,经营,活动"
1028,市中区湖东百货超市存续,"预,包装,食品,散装,食品,日用百货,五金建材,卷烟,雪茄烟,销售,依法,须,批准,项目,相关,部门,批准,后方,开展,经营,活动"
1029,市中区计红家具店存续,"家具,加工,销售,需经,许可,生产,经营,须,许可证,生产,经营"
1030,寿光市宾馆综合商品部曾用名注销,"零售,批发"
1031,寿光市福祯电器五金商贸城注销,零售
1032,寿光市广润建材销售中心存续,"零售,建筑材料,瓷砖,地面砖,依法,须,批准,项目,相关,部门,批准,后方,开展,经营,活动"
1033,寿光市兴民蔬菜购销处存续,"蔬菜,收购,依法,须,批准,项目,相关,部门,批准,后方,开展,经营,活动"
1034,寿光市永鑫助剂厂胡营分厂注销,销售
1035,寿光县粮食局道口粮管所糕点厂注销,"加工,销售,糕点,依法,须,批准,项目,相关,部门,批准,后方,开展,经营,活动"
1036,泗水爱心天使母婴信息咨询有限公司吊销,"母婴,保健,信息,咨询服务,经营,消费,储值,类似,业务,涉及,许可,经营,须,许可证,批准,文件,经营,依法,须,批准,项目,相关,部门,批准,后方,开展,经营,活动"
1037,泗水县苗馆镇桂青食品店注销,"食品,流通,依法,须,批准,项目,相关,部门,批准,后方,开展,经营,活动"
1038,泗水县民兴农业发展有限公司在业,"农作物,蔬菜,水果,种植,购销,采摘,农业,观光,项目,开发,绿化,工程施工,依法,须,批准,项目,相关,部门,批准,后方,开展,经营,活动"
1039,台儿庄区大草原休闲中心注销,"住宿,洗浴,棋艺"
1040,泰安酷改地带汽车配件有限公司在业,"汽车配件,汽车,装具,办公用品,工艺品,含,文物,计算机,软硬件,五金交电,销售,日用百货,零售,商务信息,咨询服务,含,证券期货,投资,咨询服务,市场,营销策划,服务,废旧物资,回收,含,危险废物,境外,利用,废旧物资,再生资源,回收,利用,依法,须,批准,项目,相关,部门,批准,后方,开展,经营,活动"
1041,泰安市岱岳区徂徕镇聚财源土特产销售中心存续,"粉皮,粉条,加工,销售,淀粉,销售,依法,须,批准,项目,相关,部门,批准,后方,开展,经营,活动"
1042,泰安市岱岳区范镇广益建材经销部存续,"五金,建材,批发,零售,依法,须,批准,项目,相关,部门,批准,后方,开展,经营,活动"
1043,泰安市泰山区彩虹劳务信息咨询服务中心曾用名在业,"劳务,信息,咨询,依法,须,批准,项目,相关,部门,批准,后方,开展,经营,活动"
1044,泰安市泰山区虎山路溢香园酒店注销,"主副食,加工,销售,酒水,饮料,销售,涉及,许可证,经营,无,许可证,经营"
1045,泰安市泰山区蜜拉贝儿美容院在业,"美容,美体,化妆品,销售,有效期,许可证,为准,依法,须,批准,项目,相关,部门,批准,后方,开展,经营,活动"
1046,泰安市泰山区驻颜美发厅存续,"理发,涉及,许可证,经营,无,许可证,经营"
1047,滕州市北辛好旺角足浴店存续,"足浴,以上,项目,公共场所,卫生,许可证,许可,范围,经营"
1048,滕州市荆河优谷粮油店存续,"粮油,批发,兼,零售,依法,须,批准,项目,相关,部门,批准,后方,开展,经营,活动"
1049,天桥区普奥吊顶材料经营部在业,"吊顶,材料,零售,未,取得,专项,许可,项目"
1050,天桥区翔宇广告加工处吊销,"广告,制作,未,取得,专项,许可,项目"
1051,威海创梦贸易有限公司在业,"五金交电,电子产品,含,无线电,发射,卫星,地面,接收,设施,电讯器材,含,无线电,发射,卫星,地面,接收,设施,电线电缆,电动工具,照相,器材,酒店设备,装璜,材料,油漆,橡,塑制品,含,一次性,发泡,塑料制品,超薄,塑料袋,电脑,配件,办公设备,文体用品,国家,特殊,规定,日用百货,包装材料,工艺礼品,玩具,金属材料,阀门,服装鞋帽,针纺织品,化妆品,批发,零售,依法,须,批准,项目,相关,部门,批准,后方,开展,经营,活动"
1052,威海梵华服装有限公司注销,"服装,零售,法律,行政,法规,禁止,项目,法律,行政,法规,限制,项目,取得,许可证,后方,经营,依法,须,批准,项目,相关,部门,批准,后方,开展,经营,活动"
1053,威海市高技术产业开发区黄家夼立姝商店吊销,"日用百货,食品,烟酒,小,土,产品,小五金"
1054,威海市区青岛北路连成叉车配件经销部注销,叉车配件
1055,威海市文登区初向军苗木种植园注销,"果树,苗木,种植,销售,依法,须,批准,项目,相关,部门,批准,后方,开展,经营,活动"
1056,威海寨子物业服务有限公司曾用名在业,"小,区内,物业管理,建筑,装饰,材料,水电,暖,器材,批发,零售,开办,旧货,市场,限,分支机构,经营,依法,须,批准,项目,相关,部门,批准,后方,开展,经营,活动"
1057,微山县韩庄镇苏畅日用品商行存续,"零售,化妆品,护理,用品,日用品,以上,依法,须,批准,项目,相关,部门,批准,后方,开展,经营,活动"
1058,微山县恒基贸易有限公司吊销,购销
1059,微山县红荷旅行社有限公司在业,"国内,旅游,入境,旅游,有效期限,许可证,为准"
1060,潍城区西关小东北牛肉面馆在业,"餐饮,服务,有效期限,许可证,为准,依法,须,批准,项目,相关,部门,批准,后方,开展,经营,活动"
1061,潍坊高新区洪美织布厂在业,"织布,加工,销售,含,印染,棉纱,含,国家,法律,法规,规定,前置,审批,项目,限制,禁止,经营项目"
1062,潍坊善庆商务信息咨询有限公司在业非正常户,"商务信息,咨询,经营,金融,证券,期货,理财,集资,融资,相关,业务,财务,信息,咨询,含,代理,记账,房地产,经纪,服务,房地产,信息,咨询,企业,管理,信息,咨询,企业形象,策划,市场调研,从事,社会,调查,社会,调研,民意调查,民意测验,依法,须,批准,项目,相关,部门,批准,后方,开展,经营,活动"
1063,潍坊市第四汽车运输公司张氏汽车修理厂注销,"汽车修理,汽车配件,零售,依法,须,批准,项目,相关,部门,批准,后方,开展,经营,活动"
1064,潍坊市坊子区迅捷五金商店存续,"零售,五金,汽车配件,机电,维修,依法,须,批准,项目,相关,部门,批准,后方,开展,经营,活动"
1065,潍坊市寒亭区花季风铃工艺精品店注销,"工艺精品,零售"
1066,潍坊市银达经贸中心注销,"销售,化工产品,原料,含,危险品,蔬菜,保鲜,加工,销售,文化用品,办公设备,印刷,耗材,医疗器械,依法,须,批准,项目,相关,部门,批准,后方,开展,经营,活动"
1067,文登区于艳玲美容店存续,"生活,美容,化妆品,批发,零售,依法,须,批准,项目,相关,部门,批准,后方,开展,经营,活动"
1068,文登市东方电源厂注销,"蓄电池,制造,依法,须,批准,项目,相关,部门,批准,后方,开展,经营,活动"
1069,文登市富源机电设备有限公司吊销,"机电产品,含,九座,以下,乘用车,消防器材,钢材,木材,含,木片,普通,机械,购销,依法,须,批准,项目,相关,部门,批准,后方,开展,经营,活动"
1070,文登市康平蔬菜种植专业合作社在业,"组织,收购,销售,成员,种植,蔬菜,引进,蔬菜,种植,相关,新,技术,新品种,开展,蔬菜,种植,相关,技术培训,技术,交流,咨询服务"
1071,无棣县车王镇帅达网线厂在业,"渔网,线,加工,销售,经营,许可,有效,许可证,经营,国家,法律法规,禁止,经营,经营"
1072,无棣雪落商贸有限公司在业,"办公用品,金融机具,宣传品,印刷品,电子,显示屏,计算机软件,洗涤,用品,床上用品,厨房用品,体育器材,移动,密集架,档案柜,服装,电表箱,锁具,电工,工具,销售,广告,制作,发布,代理,依法,须,批准,项目,相关,部门,批准,后方,开展,经营,活动"
1073,五莲县皇室十字绣专卖店注销,"十字绣,零售,以上,范围,涉及,审批,经营,有效,审批,许可证,生产,经营"
1074,武城县广运名城汽车美容中心在业,"汽车,装,俱,美容,服务,依法,须,批准,项目,相关,部门,批准,后方,开展,经营,活动"
1075,武城县鲁权屯镇汇丰电动工具经销处存续,"电动工具,需,许可证,许可证,经营"
1076,武城县四女寺镇文建理发店在业,"理发,服务,依法,须,批准,项目,相关,部门,批准,后方,开展,经营,活动"
1077,武城县滕庄镇明德空调部件加工处存续,"空调,配件,加工,依法,须,批准,项目,相关,部门,批准,后方,开展,经营,活动"
1078,武城县怡丰纺织有限公司在业,"棉纺织品,短绒,农副产品,加工,销售,棉花,收购,自用,国家,限制,禁止,经营,依法,须,批准,项目,相关,部门,批准,后方,开展,经营,活动"
1079,夏津县多乐多饭店存续,"主副食,加工,销售,依法,须,批准,项目,相关,部门,批准,后方,开展,经营,活动"
1080,肖玉凤存续,"餐饮,服务,依法,须,批准,项目,相关,部门,批准,后方,开展,经营,活动"
1081,新泰市驰新钻探工程施工队注销,"勘探工程,施工,检测,技术开发,转让,咨询服务,房屋建筑,工程施工,技术开发,转让,咨询服务,土石方,工程施工,钢结构,工程施工,园林绿化,工程施工,工程,检理,服务,劳务,服务,机械设备,租赁,普通,道路,运输,依法,须,批准,项目,相关,部门,批准,后方,开展,经营,活动"
1082,新泰市翟镇宾朋快餐部在业,"快餐店,依法,须,批准,项目,相关,部门,批准,后方,开展,经营,活动"
1083,新泰市翟镇千润童装店存续,"童装,童鞋,零售,依法,须,批准,项目,相关,部门,批准,后方,开展,经营,活动"
1084,新泰市青云街道厨禾菜馆存续,"餐饮,服务,依法,须,批准,项目,相关,部门,批准,后方,开展,经营,活动"
1085,徐林存续,"水电,暖,安装,依法,须,批准,项目,相关,部门,批准,后方,开展,经营,活动"
1086,徐衍东在业,"种猪,养殖"
1087,薛庄三轮维修门市部存续,"三轮,维修,电气焊"
1088,烟台东山观海楼有限公司吊销,"餐饮,娱乐,国内外,各类,会议,接待,服务"
1089,烟台读悦电子有限公司注销,"电子设备,办公设备,计算机,软硬件,文化用品,体育用品,器材,批发,零售,计算机技术,咨询,技术,服务,网络工程,企业,管理,咨询,会议,服务,展览,展示,依法,须,批准,项目,相关,部门,批准,后方,开展,经营,活动"
1090,烟台开发区八角春程浴池吊销,淋浴
1091,烟台开发区巍巍笨鸡楼吊销,"主副食,加工,酒水,销售"
1092,烟台市福山区木君建材店注销,"建材,零售,依法,须,批准,项目,相关,部门,批准,后方,开展,经营,活动"
1093,烟台市莱山区黄海办事处翎燕小吃部吊销,"面食,炒菜,服务"
1094,烟台市牟平区王华种植园七分园注销,"果树,种植,依法,须,批准,项目,相关,部门,批准,后方,开展,经营,活动"
1095,烟台市牟平区芝洪果品包装有限公司吊销,"果品,分拣,包装,依法,须,批准,项目,相关,部门,批准,后方,开展,经营,活动"
1096,烟台市芝罘区量肤现配化妆品店在业,"化妆品,零售,依法,须,批准,项目,相关,部门,批准,后方,开展,经营,活动"
1097,烟台市芝罘万邦美发厅注销,"美发,美容,服务"
1098,烟台市芝罘幸福万家乐食品店吊销,"面包,加工,销售"
1099,烟台正奇电子有限公司吊销,销售
1100,烟台铸成劳务派遣有限公司在业,"国内,劳务,派遣,建筑,劳务,分包,以上,资质,经营,依法,须,批准,项目,相关,部门,批准,后方,开展,经营,活动"
1101,阳谷恒丰木业有限公司在业,"胶合板,多层板,单板,刨花板,模板,纸,夹板,包装箱,包装,板,人造板,木皮,木地板,生产,加工,销售,圆木,收购,依法,须,批准,项目,相关,部门,批准,后方,开展,经营,活动"
1102,阳谷宏伟贸易有限公司注销,"电线,电缆,化工产品,含,危险,化学品,建材,工具,劳保用品,洗涤,用品,鞋类,雨具,百货,酒水,批发,零售,依法,须,批准,项目,相关,部门,批准,后方,开展,经营,活动"
1103,阳信县水落坡镇六间房家具店在业,"家具,工艺品,石器,字画,玉器,销售,依法,须,批准,项目,相关,部门,批准,后方,开展,经营,活动"
1104,沂南县浩坤蔬菜种植专业合作社在业,"组织,收购,销售,成员,种植,蔬菜,组织,采购,供应,成员,种植,蔬菜,需,生产资料,成员,提供,蔬菜,种植,新,技术,经济,信息,服务"
1105,沂水大仓集团粮油供应公司第二粮店粮油销售处吊销,"粮油,零售,依法,须,批准,项目,相关,部门,批准,后方,开展,经营,活动"
1106,沂水耀德机械有限公司在业,"研发,生产,销售"
1107,沂源县历山街道办事处雨杨蔬菜店存续,"蔬菜,干鲜果品,批发,零售,依法,须,批准,项目,相关,部门,批准,后方,开展,经营,活动"
1108,沂源县燕崖镇刘成海家庭农场存续,"果树,种植,果实,采摘,销售,依法,须,批准,项目,相关,部门,批准,后方,开展,经营,活动"
1109,营口德昌环卫设备有限公司荣成销售处注销,"零售,卫生洁具,塑料制品,金属制品,依法,须,批准,项目,相关,部门,批准,后方,开展,经营,活动"
1110,禹城市房寺镇建平肉食店存续,"预,包装,食品,兼,散装,食品,乳制品,含,婴幼儿,配方,乳粉,生猪肉,百货,零售,依法,须,批准,项目,相关,部门,批准,后方,开展,经营,活动"
1111,禹城市树芹房寺烧饼店存续,"餐饮,服务,依法,须,批准,项目,相关,部门,批准,后方,开展,经营,活动"
1112,郓城县侯爱萍家庭农场在业,"小麦,玉米,种植,家庭,家场,经营,依法,须,批准,项目,相关,部门,批准,后方,开展,经营,活动"
1113,郓城县张桂荣手工艺品厂在业,"手工艺品,加工,销售,依法,须,批准,项目,相关,部门,批准,后方,开展,经营,活动"
1114,枣庄高新区陈洪理发店存续,"美发,服务,依法,须,批准,项目,相关,部门,批准,后方,开展,经营,活动"
1115,枣庄豪润邦置业有限公司在业,"房地产,开发,销售,物业管理,服务,建筑工程,机械设备,租赁,日用百货,建材,装饰,材料,销售,自有,资金,能源,旅游业,房地产业,矿业,项目,进行,投资,酒店,管理,服务,房地产,咨询服务,房地产,价格,评估,服务,房地产,经纪,服务,依法,须,批准,项目,相关,部门,批准,后方,开展,经营,活动"
1116,枣庄市鸿瑞投资担保有限公司在业,"自有,资金,住房,置业,个人消费,企业,提供,担保,服务,投资,咨询服务,含,金融,证券,期货,业务,代,企业,管理,服务,房地产,中介,服务,以上,涉及,许可,许可证,经营,依法,须,批准,项目,相关,部门,批准,后方,开展,经营,活动"
1117,枣庄市申冠隆日用品有限公司在业,"批发,兼,零售,预,包装,食品,乳制品,含,婴幼儿,配方,乳粉,有效期,2015,年,03,月,22,日,有效期限,许可证,为准,服装鞋帽,日用百货,洗化,用品,钢材,木材,水泥,销售,以上,涉及,许可,许可证,经营,依法,须,批准,项目,相关,部门,批准,后方,开展,经营,活动"
1118,张店姬玉超市在业,"水果,干果,批发,零售,依法,须,批准,项目,相关,部门,批准,后方,开展,经营,活动"
1119,张店售惠商行存续,"预,包装,食品,散装,食品,日用百货,办公用品,批发,零售,依法,须,批准,项目,相关,部门,批准,后方,开展,经营,活动"
1120,张店唯客哆餐厅存续,"餐饮,服务,依法,须,批准,项目,相关,部门,批准,后方,开展,经营,活动"
1121,张店渝正鑫小吃店存续,"餐饮,服务,依法,须,批准,项目,相关,部门,批准,后方,开展,经营,活动"
1122,张店元商超市在业,"零售,预,包装,食品,散装,食品,零售,百货,初级,农产品,洗化,用品,依法,须,批准,项目,相关,部门,批准,后方,开展,经营,活动"
1123,张店正鑫果蔬经营部在业,"水果,蔬菜,零售,依法,须,批准,项目,相关,部门,批准,后方,开展,经营,活动"
1124,张九森在业,"烟,酒,副食,小百货"
1125,张子仁在业,"农杨,配件,维修"
1126,章丘市黄河乡家永农资经营部存续,"零售,化肥,种子,委托书,经营,农药,含,化学,危险品,农用地,膜,依法,须,批准,项目,相关,部门,批准,后方,开展,经营,活动"
1127,章丘市龙山鑫泰机床加工厂在业,"管道配件,加工,销售,须,审批,未获,批准,前,经营"
1128,章丘双山釜山韩式拌饭店存续,"餐饮,服务,依法,须,批准,项目,相关,部门,批准,后方,开展,经营,活动"
1129,赵巧莲存续,"服装,依法,须,批准,项目,相关,部门,批准,后方,开展,经营,活动"
1130,芝罘区东翰通讯器材经销部存续,"通讯器材,批发,零售"
1131,芝罘区金逸文营养健康咨询服务部存续,"营养,健康,咨询服务,日用品,咨询服务,依法,须,批准,项目,相关,部门,批准,后方,开展,经营,活动"
1132,芝罘区马小亮百货商行在业,"日用百货,化妆品,电子产品,批发,零售,营养,健康,咨询服务,依法,须,批准,项目,相关,部门,批准,后方,开展,经营,活动"
1133,芝罘区夏青百货商行存续,"东风,标致,品牌,汽车,销售,汽车,整车,修理,总成,修理,整车,维护,小修,维修,救援,专项,修理,以上,范围,有效期限,许可证,为准,汽车信息,咨询服务,机动车辆,保险代理,服务,五金交电,钢材,建材,水暖器材,日用百货,矿用,物资,土产,杂品,含,烟花爆竹,化工产品,危险,化学品,标准,配件,电器,仪表,劳保用品,铁矿石,铁精粉,氧化铁,皮,污泥,生铁,钢精,粉,铁屑,水渣,焦炭,木材,矿渣,微粉,铁矿砂,纸浆,除尘,灰,汽车配件,批发,零售,依法,须,批准,项目,相关,部门,批准,后方,开展,经营,活动"
1134,中国工商银行潍坊市奎文区支行河东分理处曾用名迁出,"办理,人民币,存款,贷款,结算,业务,代理,发行,代理,兑付,销售,政府,债券,代理,收付,款项,办理,外币,储蓄,业务,总行,中国人民银行,批准,业务范围,授权,业务,中国人民银行,批准,业务,有效期,2005,年,月,30,日,依法,须,批准,项目,相关,部门,批准,后方,开展,经营,活动"
1135,中国建设银行股份有限公司莱阳支行文化路分理处曾用名在业,"金融,许可证,批准,范围,相关,业务,依法,须,批准,项目,相关,部门,批准,后方,开展,经营,活动"
1136,中国移动通信集团山东有限公司兰山分公司蒙山大道营业厅曾用名在业,"兰山区,经营,移动电话,通信,业务,包括,语音,数据,多媒体,Ip,电话,互联网,接入,服务,从事,移动,通信,Ip,电话,互联网,网络,建设,维修,相关,系统集成,结算,技术开发,技术,服务,设备,销售,出租,依法,须,批准,项目,相关,部门,批准,后方,开展,经营,活动"
1137,中建八局第四建筑公司装饰公司注销,"室内外,装饰,装璜,工程设计,施工,依法,须,批准,项目,相关,部门,批准,后方,开展,经营,活动"
1138,中能成宇电源有限公司在业,"蓄电池,太阳能,电池,新型,化学,物理,电源,航空,电源,电源,设备,电池,设备,电池,材料,电池,设备,光电,产品销售,新,技术改造,应用,进出口,业务,承装,承修,承试,供电,设施,受,电,设施,依法,须,批准,项目,相关,部门,批准,后方,开展,经营,活动"
1139,周村零点服饰店吊销,"服装,百货,箱包"
1140,周村明亮油脂厂在业,"松蕉油,加工,零售"
1141,诸城市焕杰百货超市存续,"零售,日用百货,卷烟,雪茄烟,烟草专卖,零售,许可证,有效期,2013,年,12,月,31,日止,预,包装,食品,兼,散装,食品,乳制品,含,婴幼儿,配方,乳粉,食品,流通,许可证,有效期,2014,年,12,月,日止"
1142,诸城市舜王街道金艳瓜果种植园在业,"瓜果,种植,依法,须,批准,项目,相关,部门,批准,后方,开展,经营,活动"
1143,诸城市辛炳梅饭店在业,"餐饮,服务,有效期,许可证,为准,依法,须,批准,项目,相关,部门,批准,后方,开展,经营,活动"
1144,淄博立雁经贸有限公司青岛胶南分公司吊销,经营项目
1145,淄博延鑫工贸有限公司吊销,"机械加工,铁精粉,球团,氧化铝,粉,氢氧化铝,水泥,服装,建材,钢材,化工产品,含,危险,化学品,五金交电,重油,渣油,道路,沥青,批发,零售,以上,经营范围,需,审批,许可,经营,审批,手续,许可证,经营,依法,须,批准,项目,相关,部门,批准,后方,开展,经营,活动"
1146,淄博壹世界数码广场讯杰电脑服务部注销,"计算机软件,耗材,零售"
1147,淄博优之安汽车配件销售有限公司张店第九分公司注销,"汽车配件,销售,依法,须,批准,项目,相关,部门,批准,后方,开展,经营,活动"
1148,淄博韵升化工有限公司在业,"化工产品,含,危险,监控,易制毒,化学品,氯化钙,净水剂,销售,货运,代理,货物,配载,信息,咨询,依法,须,批准,项目,相关,部门,批准,后方,开展,经营,活动"
1149,淄川区建筑科学研究所吊销,"岩土,工程,地基基础,研究,设计,建筑,技术开发,咨询,服务,建筑材料,研究,设计,依法,须,批准,项目,相关,部门,批准,后方,开展,经营,活动"
1150,邹城市纳川日用品服务中心注销,"家居,清洁用品,护理,用品,化妆品,系列,咨询服务,涉及,许可,经营,项目,许可证,批准,文件,经营"
1151,邹城市朱宪花大枣种植园注销,"大枣,种植,依法,须,批准,项目,相关,部门,批准,后方,开展,经营,活动"
1152,邹城市邹城镇农业技术咨询服务部注销,"粮油,兑换,销售"
1153,邹平大自然中药材有限公司吊销,"中药材,种植,生物制剂,研发,批发,零售,建材,凡,涉及,行政许可,许可证,经营,依法,须,批准,项目,相关,部门,批准,后方,开展,经营,活动"
1154,邹平开发区会仙桥汇鑫茗茶店存续,"茶叶,茶具,批发,零售,依法,须,批准,项目,相关,部门,批准,后方,开展,经营,活动"
1155,邹平县魏桥镇众诚汽修厂在业,"汽车,维修,保养,钣,金烤,漆,电脑,解码,依法,须,批准,项目,相关,部门,批准,后方,开展,经营,活动"
1156,邹平县西董三合藤业厂注销,"藤器,制品"
